City,State,Bank,BankState,Term,NoEmp,NewExist,CreateJob,RetainedJob,FranchiseCode,UrbanRural,RevLineCr,LowDoc,DisbursementGross,GrAppv,SBA_Appv,IndustryCode
PERU,IL,CENTRUE BANK,IL,84,3,2,0,0,1,0,FALSE,TRUE,20000,20000,16000,0
BOWLING GREEN,OH,STAR FINANCIAL BANK,IN,40,2,2,1,2,1,1,TRUE,FALSE,20000,20000,10000,44
ROANOKE,VA,BRANCH BK. & TR CO,VA,73,10,1,0,0,1,0,FALSE,TRUE,20000,20000,16000,45
SPRINGFIELD,MO,BANK OF AMERICA NATL ASSOC,NC,84,2,1,0,0,1,0,FALSE,TRUE,20000,20000,16000,53
HOLYOKE,MA,BANK OF AMERICA NATL ASSOC,NC,60,4,1,0,0,1,0,FALSE,TRUE,20000,20000,16000,33
READING,PA,VIST BANK,PA,18,1,2,1,2,1,2,FALSE,FALSE,20000,20000,10000,81
NORTH ATTLEBORO,MA,ROCKLAND TRUST COMPANY,MA,60,1,2,0,0,1,0,FALSE,TRUE,20000,20000,16000,54
COLUMBIA,SC,WELLS FARGO BANK NATL ASSOC,NC,48,3,1,0,0,1,0,FALSE,TRUE,20000,20000,16000,0
SARASOTA,FL,WELLS FARGO BANK NATL ASSOC,SD,60,2,1,0,0,1,0,FALSE,FALSE,20000,20000,10000,0
LOAS VEGAS,NV,WELLS FARGO BANK NATL ASSOC,SD,60,50,1,0,0,1,0,FALSE,FALSE,20000,20000,10000,23
BEAUMONT,TX,CAPITAL ONE NATL ASSOC,VA,60,3,2,0,0,1,0,FALSE,TRUE,20000,26000,20800,0
LOS ANGELES,CA,WILSHIRE BANK,CA,120,9,2,0,0,1,0,FALSE,FALSE,20000,20000,16000,0
NUTTER FORT,WV,BRANCH BK. & TR CO,WV,60,2,1,0,0,1,0,FALSE,TRUE,20000,20000,16000,44
SALT LAKE CITY,UT,AMERICA FIRST FCU,UT,45,2,2,0,2,1,1,TRUE,FALSE,20000,20000,10000,72
GLEN ALLEN,VA,SUNTRUST BANK,GA,60,2,2,0,0,1,0,FALSE,TRUE,20000,20000,16000,45
ENGLEWOOD,CO,JPMORGAN CHASE BANK NATL ASSOC,IL,18,1,1,0,0,1,0,FALSE,TRUE,20000,20000,16000,81
OKLAHOMA CITY,OK,BANK OF AMERICA NATL ASSOC,NC,60,4,1,0,0,1,0,FALSE,TRUE,20000,20000,16000,62
BEVERLY,WV,BBCN BANK,CA,44,1,1,0,1,1,2,FALSE,FALSE,20000,20000,17000,81
EL PASO,TX,WELLS FARGO BANK NATL ASSOC,CA,60,2,1,4,6,1,1,TRUE,FALSE,20000,20000,10000,42
SYLVANIA,OH,KEYBANK NATIONAL ASSOCIATION,OH,84,1,1,0,0,1,0,FALSE,TRUE,20000,20000,16000,54
TESUQUE,NM,WELLS FARGO BANK NATL ASSOC,SD,60,1,1,0,0,1,0,FALSE,FALSE,20000,20000,10000,23
ROSEVILLE,CA,WELLS FARGO BANK NATL ASSOC,SD,60,2,1,0,0,1,0,FALSE,FALSE,20000,20000,10000,0
GROVER CITY (GROVER),CA,HERITAGE OAKS BANK,CA,96,4,1,0,4,1,2,FALSE,FALSE,20000,20000,17000,32
CEDAR FALLS,IA,WELLS FARGO BANK NATL ASSOC,IA,60,3,2,0,0,1,0,FALSE,TRUE,20000,20000,16000,0
ASTORIA,NY,INVESTORS BANK,NY,61,2,2,0,0,1,0,FALSE,TRUE,20000,20000,16000,0
DES MOINES,IA,WEST BANK,IA,60,3,1,0,0,1,0,FALSE,TRUE,20000,20000,16000,0
ALBUQUERQUE,NM,U.S. BANK NATIONAL ASSOCIATION,NM,24,3,2,0,3,1,1,TRUE,FALSE,20000,20000,10000,23
PEWAUKEE,WI,WAUKESHA STATE BANK,WI,60,2,2,0,0,1,0,FALSE,TRUE,20000,20000,16000,56
DES MOINES,IA,IOWA STATE BANK,IA,84,1,2,1,1,1,1,FALSE,FALSE,20000,20000,10000,23
ANTIOCH,TN,BBCN BANK,CA,84,2,1,0,2,1,1,FALSE,FALSE,20000,20000,17000,81
GUSTON,KY,MEADE COUNTY BANK,KY,84,2,2,0,0,1,0,FALSE,TRUE,20000,20000,16000,0
SEATTLE,WA,BANK OF AMERICA NATL ASSOC,NC,60,1,1,0,0,1,0,FALSE,TRUE,20000,20000,16000,0
CROSSVILLE,TN,BBCN BANK,CA,59,7,1,4,7,1,2,FALSE,FALSE,20000,20000,17000,72
CHARLOTTE,NC,BBCN BANK,CA,84,1,2,2,1,1,1,FALSE,FALSE,20000,20000,17000,81
MOBILE,AL,BBCN BANK,CA,44,5,1,3,5,1,1,FALSE,FALSE,20000,20000,17000,62
CHATTANOOGA,TN,BBCN BANK,CA,84,1,2,1,1,1,1,FALSE,FALSE,20000,20000,17000,45
SPENCER,MA,BAY STATE SAVINGS BANK,MA,60,2,1,0,0,1,0,FALSE,TRUE,20000,20000,16000,71
RED WING,MN,WELLS FARGO BANK NATL ASSOC,SD,116,1,2,0,0,1,0,FALSE,TRUE,20000,20000,16000,0
RICHLAND CENTER,WI,BMO HARRIS BK NATL ASSOC,IL,48,3,1,0,0,1,0,FALSE,TRUE,20000,20000,16000,45
KEOKUK,IA,INDEPENDENCE BANK,RI,111,2,2,10,2,68020,1,FALSE,FALSE,20000,20000,10000,72
CEDAR RAPIDS,IA,U.S. BANK NATIONAL ASSOCIATION,OH,60,9,1,0,0,1,0,FALSE,TRUE,20000,20000,16000,0
NEW YORK,NY,WELLS FARGO BANK NATL ASSOC,SD,60,30,1,0,0,1,0,FALSE,FALSE,20000,20000,10000,51
BANGOR,ME,BANK OF AMERICA NATL ASSOC,NC,60,20,1,0,0,78760,0,FALSE,TRUE,20000,20000,16000,0
KENNER,LA,JPMORGAN CHASE BANK NATL ASSOC,IL,60,2,1,0,0,1,0,FALSE,TRUE,20000,20000,16000,0
CINCINNATI,OH,"PNC BANK, NATIONAL ASSOCIATION",DE,24,2,2,0,0,1,1,TRUE,FALSE,20000,20000,10000,44
ARNOLDS PARK,IA,"LIBERTY BANK, FSB",IA,84,3,1,0,0,1,0,FALSE,TRUE,20000,20000,16000,0
REEDSVILLE,WV,BBCN BANK,CA,4,8,1,2,8,1,2,FALSE,FALSE,20000,20000,17000,23
VIRGINIA BEACH,VA,WELLS FARGO BANK NATL ASSOC,SD,60,3,1,0,0,1,0,FALSE,FALSE,20000,20000,10000,45
ALLEGAN,MI,CHEMICAL BANK,MI,60,4,1,0,4,1,1,FALSE,FALSE,20000,20000,10000,42
SAN FRANCISCO,CA,WELLS FARGO BANK NATL ASSOC,SD,60,6,1,0,0,1,0,TRUE,FALSE,20000,20000,10000,0
SEASIDE,CA,COMMUNITY BK OF CENT. CALIFORN,CA,84,2,1,0,0,1,0,FALSE,TRUE,20000,20000,16000,23
RICHMOND HEIGHTS,OH,U.S. BANK NATIONAL ASSOCIATION,OH,48,1,1,0,1,1,1,TRUE,FALSE,20000,20000,17000,48
FALL RIVER,MA,BANKFIVE,MA,84,2,2,0,0,1,0,FALSE,TRUE,20000,20000,16000,0
BATON ROUGE,LA,BBCN BANK,CA,22,32,1,2,32,1,1,FALSE,FALSE,20000,20000,17000,62
BERRIEN SPRINGS,MI,WELLS FARGO BANK NATL ASSOC,SD,37,1,1,2,3,1,1,FALSE,FALSE,20000,20000,10000,44
CENTERVILLE,OH,"PNC BANK, NATIONAL ASSOCIATION",OH,63,6,1,0,0,1,0,FALSE,TRUE,20000,20000,16000,23
EXETER,CA,BANK OF THE SIERRA,CA,72,8,1,0,0,1,0,FALSE,TRUE,20000,20000,16000,0
NEWEBURYPORT,MA,NEWBURYPORT FIVE CENTS SAVINGS,MA,84,2,2,0,0,1,0,FALSE,TRUE,20000,20000,16000,45
SANTA CLARA,CA,BBCN BANK,CA,19,4,1,1,4,1,1,FALSE,FALSE,20000,20000,17000,42
SHAKOPEE,MN,FIDELITY BANK,MN,12,2,1,0,0,1,0,FALSE,TRUE,20000,20000,16000,0
AURORA,CO,WELLS FARGO BANK NATL ASSOC,CO,48,1,1,0,0,1,0,FALSE,FALSE,20000,20000,16000,0
BRONX,NY,WELLS FARGO BANK NATL ASSOC,SD,60,6,1,0,0,1,0,FALSE,FALSE,20000,20000,10000,0
HAZELWOOD,MO,U.S. BANK NATIONAL ASSOCIATION,OH,84,1,1,0,0,1,0,FALSE,TRUE,20000,20000,16000,0
CHICAGO,IL,BBCN BANK,CA,22,3,1,1,3,1,1,FALSE,FALSE,20000,20000,17000,56
SOMERVILLE,OH,"PNC BANK, NATIONAL ASSOCIATION",DE,2,1,2,9,10,1,2,TRUE,FALSE,20000,10000,5000,72
GASTONIA,NC,WELLS FARGO BANK NATL ASSOC,SD,60,23,1,0,0,1,0,FALSE,FALSE,20000,20000,10000,0
BONNERS FERRY,ID,MOUNTAIN W. BANK A DIVISION OF,ID,96,1,1,0,1,1,2,FALSE,FALSE,20000,20000,17000,62
ALTOONA,PA,FIRST COMMONWEALTH BANK,PA,23,2,1,0,0,1,0,FALSE,TRUE,20000,20000,16000,0
HARTVILLE,MO,SOUTHERN MISSOURI BK OF MARSHF,MO,60,2,1,0,0,1,0,FALSE,FALSE,20000,20000,15000,0
ELMIRA,NY,MANUFACTURERS & TRADERS TR CO,NY,60,10,1,0,0,1,0,FALSE,TRUE,20000,20000,16000,0
CORONA,CA,BBCN BANK,CA,49,2,1,0,2,1,1,FALSE,FALSE,20000,20000,17000,71
ABBEVILLE,LA,GULF COAST BANK,LA,184,2,2,0,0,1,0,FALSE,TRUE,20000,20000,16000,81
FARMINGDALE,NY,WELLS FARGO BANK NATL ASSOC,SD,60,5,1,0,0,1,0,FALSE,FALSE,20000,20000,10000,23
STATEN ISLAND,NY,SANTANDER BANK NATL ASSOC,NY,85,3,1,0,0,1,0,FALSE,TRUE,20000,20000,16000,0
CAMDEN,NY,MANUFACTURERS & TRADERS TR CO,NY,36,1,2,0,0,21038,0,FALSE,TRUE,20000,20000,16000,0
SPRING,TX,AMEGY BK NATL ASSOC,TX,60,2,1,0,0,1,0,FALSE,TRUE,20000,20000,16000,45
OAKDALE,MN,WELLS FARGO BANK NATL ASSOC,MN,54,4,1,0,0,1,0,FALSE,TRUE,20000,20000,16000,56
OVERLAND PARK,KS,METCALF BANK,KS,60,3,1,0,0,1,0,FALSE,TRUE,20000,20000,16000,54
NEWPORT BEACH,CA,WELLS FARGO BANK NATL ASSOC,SD,60,50,1,0,0,1,0,FALSE,FALSE,20000,20000,10000,0
BRATTLEBORO,VT,CHITTENDEN TR COMPANY A DIVISI,VT,36,4,1,0,0,1,0,FALSE,TRUE,20000,20000,16000,0
NEW ORLEANS,LA,FIRST BANK AND TRUST,LA,60,8,2,0,0,1,0,FALSE,TRUE,20000,20000,16000,0
TALLAHASSEE,FL,HANCOCK BANK,FL,60,2,2,0,0,1,0,FALSE,TRUE,20000,20000,16000,0
LOGAN,UT,AMERICA FIRST FCU,UT,84,8,2,0,8,1,2,TRUE,FALSE,20000,20000,10000,81
SOUTH WINDSOR,CT,FIRST NIAGARA BANK NATL ASSOC,CT,60,2,1,0,0,1,0,FALSE,TRUE,20000,20000,16000,81
W. NEWBURY,MA,BANK OF AMERICA NATL ASSOC,MA,12,6,1,0,0,1,0,TRUE,FALSE,20000,20000,10000,0
WOLCOTT,CT,BANK OF AMERICA NATL ASSOC,RI,60,6,2,0,0,1,0,FALSE,TRUE,20000,20000,16000,0
KANSAS CITY,KS,COMMUNITY FIRST BANK,KS,35,3,1,0,3,1,1,FALSE,FALSE,20000,20000,10000,32
ONEIDA,TN,1ST NATL BK OF ONEIDA,TN,84,3,1,0,0,1,0,FALSE,TRUE,20000,20000,16000,33
COLUMBUS,GA,SYNOVUS BANK,GA,60,3,1,0,0,1,0,FALSE,TRUE,20000,20000,16000,56
WOODBRIDGE,VA,WELLS FARGO BANK NATL ASSOC,SD,84,6,1,0,0,1,0,FALSE,TRUE,20000,20000,16000,0
LOS ANGELES,CA,ROYAL BUSINESS BANK,CA,87,3,2,0,0,1,0,FALSE,TRUE,20000,20000,16000,0
LAS CRUCES,NM,WELLS FARGO BANK NATL ASSOC,NM,84,1,2,0,0,1,0,FALSE,TRUE,20000,20000,16000,23
ROGERS,AR,1ST NATL BK OF FT SMITH,AR,36,2,1,0,0,1,0,FALSE,TRUE,20000,20000,16000,51
NAPOLEON,OH,KEYBANK NATIONAL ASSOCIATION,OH,36,9,1,0,0,1,0,FALSE,FALSE,20000,20000,10000,23
ROCK RIVER,WY,CAPITAL WEST BANK,WY,84,2,2,0,0,1,0,FALSE,TRUE,20000,20000,16000,11
DAYTONA BEACH,FL,WELLS FARGO BANK NATL ASSOC,SD,60,2,1,0,0,59450,0,FALSE,FALSE,20000,20000,10000,0
MEDIA,PA,"PNC BANK, NATIONAL ASSOCIATION",DE,83,5,2,2,7,81612,1,TRUE,FALSE,20000,20000,10000,49
BRYANS RD.,MD,WELLS FARGO BANK NATL ASSOC,SD,60,4,1,0,0,1,0,FALSE,FALSE,20000,20000,10000,0
POMPANO BEACH,FL,"CITIBANK, N.A.",SD,55,10,1,4,10,1,1,TRUE,FALSE,20000,20000,10000,56
ELON COLLEGE,NC,WELLS FARGO BANK NATL ASSOC,NC,42,1,2,0,0,1,0,FALSE,TRUE,20000,20000,16000,0
NORTHBROOK,IL,BBCN BANK,CA,84,1,1,2,1,1,1,FALSE,FALSE,20000,20000,17000,42
MILWAUKEE,WI,U.S. BANK NATIONAL ASSOCIATION,WI,60,1,1,0,0,1,0,FALSE,TRUE,20000,20000,16000,0
ANCHORAGE,AK,WELLS FARGO BANK NATL ASSOC,AK,36,1,2,0,0,1,0,FALSE,FALSE,20000,20000,16000,0
OMAHA,NE,BBCN BANK,CA,57,4,1,2,4,1,1,FALSE,FALSE,20000,20000,17000,44
BILLINGS,MT,STOCKMAN BANK OF MONTANA,MT,84,2,1,0,0,1,1,FALSE,FALSE,20000,20000,17000,33
GREELEY,CO,WELLS FARGO BANK NATL ASSOC,SD,60,6,1,1,7,1,1,FALSE,FALSE,20000,20000,10000,33
OAK LAWN,IL,SUBURBAN BANK & TRUST COMPANY,IL,84,1,1,0,0,1,0,FALSE,TRUE,20000,20000,16000,56
BISMARCK,ND,AMERICAN BANK CENTER,ND,23,20,1,0,0,1,1,FALSE,FALSE,20000,20000,10000,81
LEAWOOD,KS,BANK OF AMERICA NATL ASSOC,NC,76,3,2,0,0,61398,0,FALSE,FALSE,20000,20000,10000,48
PADUCAH,KY,U.S. BANK NATIONAL ASSOCIATION,OH,13,7,1,0,0,1,0,FALSE,TRUE,20000,20000,16000,23
VINEYARD,MA,THE EDGARTOWN NATIONAL BANK,MA,48,12,1,0,0,1,0,FALSE,TRUE,20000,20000,16000,0
SEVERNA PARK,MD,MANUFACTURERS & TRADERS TR CO,MD,60,1,1,0,0,1,0,FALSE,TRUE,20000,20000,16000,0
CLARK,NJ,CONNECTONE BANK,NJ,60,1,2,0,0,1,0,FALSE,TRUE,20000,20000,16000,0
HERNDON,VA,MANUFACTURERS & TRADERS TR CO,MD,60,1,2,0,0,1,0,FALSE,TRUE,20000,20000,16000,54
ROCHESTER,NY,MANUFACTURERS & TRADERS TR CO,NY,36,2,1,0,0,1,0,FALSE,TRUE,20000,20000,16000,23
PITTSBURGH,PA,WELLS FARGO BANK NATL ASSOC,SD,60,1,1,0,0,1,0,FALSE,FALSE,20000,20000,10000,0
WINDHAM,VT,BERKSHIRE BANK,VT,84,1,1,0,0,1,0,FALSE,TRUE,20000,20000,16000,0
ROCHELLE,IL,BMO HARRIS BK NATL ASSOC,IL,60,6,2,0,0,1,0,FALSE,TRUE,20000,20000,16000,0
SHREWSBURY,MA,WELLS FARGO BANK NATL ASSOC,SD,60,3,1,0,0,1,0,TRUE,FALSE,20000,20000,10000,44
HARTFORT,CT,BANK OF AMERICA NATL ASSOC,RI,12,2,1,0,0,1,0,FALSE,FALSE,20000,20000,10000,51
FREELAND,MI,CHEMICAL BANK,MI,48,1,1,0,0,1,0,FALSE,TRUE,20000,20000,16000,23
OSCEOLA,IN,BANK - AMERICA NATL ASSOC,MI,60,1,1,0,0,1,0,FALSE,TRUE,20000,20000,16000,0
GREEN BAY,WI,WELLS FARGO BANK NATL ASSOC,WI,60,1,1,0,0,1,0,FALSE,TRUE,20000,20000,16000,0
WARREN,OH,FARMERS NATL BK OF CANFIELD,OH,84,3,2,0,0,1,0,FALSE,TRUE,20000,20000,16000,45
SEATTLE,WA,WELLS FARGO BANK NATL ASSOC,SD,60,4,1,0,0,1,0,FALSE,FALSE,20000,20000,10000,51
SALINAS,CA,"RABOBANK, NATIONAL ASSOCIATION",CA,84,3,2,0,0,1,0,FALSE,TRUE,20000,20000,16000,0
GREEN RIVER,WY,WELLS FARGO BANK NATL ASSOC,SD,66,3,2,0,0,50564,0,FALSE,TRUE,20000,20000,16000,0
JUPITER,FL,SUNTRUST BANK,GA,60,1,2,0,0,1,0,FALSE,TRUE,20000,20000,16000,42
CLEVELAND,OH,U.S. BANK NATIONAL ASSOCIATION,OH,60,4,1,0,0,1,0,FALSE,TRUE,20000,20000,16000,44
LITTLE FERRY,NJ,BANCO POPULAR NORTH AMERICA,NJ,48,1,2,0,0,1,0,FALSE,TRUE,20000,20000,16000,0
FRANKLIN,WI,U.S. BANK NATIONAL ASSOCIATION,OH,4,5,1,0,0,1,0,FALSE,FALSE,20000,20000,16000,0
BOZEMAN,MT,FIRST SECURITY BANK,MT,84,1,2,0,0,1,0,FALSE,TRUE,20000,20000,16000,44
ALEXANDRIA,VA,"PNC BANK, NATIONAL ASSOCIATION",DE,15,1,1,5,1,1,1,TRUE,FALSE,20000,20000,10000,54
COLUMBIA,SC,BBCN BANK,CA,84,1,2,2,1,1,1,FALSE,FALSE,20000,20000,17000,51
PINSON (MOUNT PINSON),AL,BBCN BANK,CA,84,1,1,0,1,1,2,FALSE,FALSE,20000,20000,10000,44
CHEEKTOWAGA,NY,BANK OF AMERICA NATL ASSOC,CT,36,12,2,0,0,25650,0,FALSE,TRUE,20000,20000,16000,31
MISSOURI CITY,TX,BBCN BANK,CA,84,15,1,4,15,1,1,FALSE,FALSE,20000,20000,17000,81
ALBUQUERQUE,NM,U.S. BANK NATIONAL ASSOCIATION,NM,36,4,2,4,4,1,1,FALSE,FALSE,20000,20000,10000,62
ALBUQUERQUE,NM,U.S. BANK NATIONAL ASSOCIATION,NM,24,4,2,4,4,1,1,TRUE,FALSE,20000,10000,5000,62
YUBA CITY,CA,MUFG UNION BANK NATL ASSOC,CA,36,1,1,0,0,1,1,FALSE,FALSE,20000,20000,10000,81
LAKEWOOD,NJ,SANTANDER BANK NATL ASSOC,NJ,60,13,1,0,0,1,0,FALSE,TRUE,20000,20000,16000,0
EL PASO,TX,COMPASS BANK,TX,60,1,2,0,0,1,0,FALSE,TRUE,20000,20000,16000,23
MILFORD,NH,"OCEAN BANK, A DIVISION OF",NH,48,2,2,0,0,1,0,FALSE,TRUE,20000,20000,16000,62
OOLTEWAH,TN,BBCN BANK,CA,84,1,1,3,1,1,1,FALSE,FALSE,20000,20000,17000,54
ANCHORAGE,AK,NORTHRIM BANK,AK,6,10,1,0,0,1,0,FALSE,FALSE,20000,20000,16000,0
RICHMOND,IN,U.S. BANK NATIONAL ASSOCIATION,IN,60,2,1,0,0,1,0,FALSE,TRUE,20000,20000,16000,0
STOCKTON,MO,LIBERTY BANK,MO,120,1,2,0,0,1,0,FALSE,TRUE,20000,20000,16000,23
SEATTLE,WA,BANK OF AMERICA NATL ASSOC,OR,36,52,1,0,0,1,0,FALSE,FALSE,20000,20000,10000,0
REEDS SPRING,MO,METROPOLITAN NATIONAL BANK,MO,60,4,2,0,0,1,0,FALSE,TRUE,20000,20000,16000,44
FLOWER MOUND,TX,JPMORGAN CHASE BANK NATL ASSOC,NV,84,7,1,2,7,1,2,TRUE,FALSE,20000,10000,5000,23
NORMAN,OK,REPUBLIC BANK & TRUST,OK,48,3,2,0,0,1,0,FALSE,TRUE,20000,20000,16000,62
LAREDO,TX,WELLS FARGO BANK NATL ASSOC,SD,60,2,1,10,12,1,1,FALSE,FALSE,20000,60000,30000,23
MONTGOMERY,AL,FIRST TUSKEGEE BANK,AL,72,4,2,0,0,1,0,FALSE,TRUE,20000,20000,16000,0
WARWICK,RI,BANK OF AMERICA NATL ASSOC,NC,12,1,1,0,0,1,0,TRUE,FALSE,20000,20000,10000,0
PITTSBURGH,PA,FIRST NATL BK OF PENNSYLVANIA,PA,78,5,1,0,0,1,0,FALSE,TRUE,20000,20000,16000,0
CINCINNATI,OH,NORTH SIDE BANK & TRUST CO.,OH,120,2,1,0,0,1,1,FALSE,FALSE,20000,20000,17000,56
HUMMELSTOWN,PA,WELLS FARGO BANK NATL ASSOC,SD,60,8,1,0,0,1,0,FALSE,FALSE,20000,20000,10000,0
ABBEVILLE,LA,GULF COAST BANK,LA,60,2,2,0,0,1,0,FALSE,TRUE,20000,20000,16000,62
COLUMBUS,OH,JPMORGAN CHASE BANK NATL ASSOC,IL,60,2,2,0,0,1,0,FALSE,FALSE,20000,20000,10000,0
SPRING VALLEY,NY,FIRST NIAGARA BANK NATL ASSOC,NY,73,2,1,0,0,1,0,FALSE,FALSE,20000,20000,16000,0
ATLANTA,GA,BBCN BANK,CA,28,2,1,1,2,1,1,FALSE,FALSE,20000,20000,17000,53
COLUMBUS,OH,JPMORGAN CHASE BANK NATL ASSOC,IL,60,8,2,0,0,1,0,FALSE,FALSE,20000,20000,10000,0
JACKSON,MN,UNITED PRAIRIE BANK,MN,60,1,2,0,0,1,0,FALSE,TRUE,20000,20000,16000,45
BOSTON,MA,BANK OF AMERICA NATL ASSOC,MA,60,1,2,0,0,1,0,FALSE,FALSE,20000,20000,10000,45
AMES,IA,WELLS FARGO BANK NATL ASSOC,IA,84,1,2,0,0,1,0,FALSE,TRUE,20000,20000,16000,0
MADISON,AL,WELLS FARGO BANK NATL ASSOC,SD,60,4,1,0,0,1,0,FALSE,FALSE,20000,20000,10000,0
FOREST PARK,GA,"BANK OF COWETA, A DIVISION OF",GA,48,2,2,0,0,1,0,FALSE,TRUE,20000,20000,16000,0
SAUGERTIES,NY,MANUFACTURERS & TRADERS TR CO,NY,13,2,1,0,0,1,0,FALSE,TRUE,20000,20000,16000,45
BURLINGTON,CO,COLORADO EAST BANK & TRUST,CO,72,6,2,0,0,1,0,FALSE,TRUE,20000,20000,16000,0
COFFEYVILLE,KS,COMMUNITY STATE BANK,KS,120,4,1,0,0,1,0,FALSE,TRUE,20000,20000,16000,0
MENASHA,WI,BMO HARRIS BK NATL ASSOC,IL,84,2,2,0,0,64955,0,FALSE,TRUE,20000,20000,16000,0
NACOGDOCHES,TX,TEXAS STATE BANK,TX,60,3,2,0,0,1,0,FALSE,TRUE,20000,20000,16000,71
SWANTON,VT,WELLS FARGO BANK NATL ASSOC,SD,60,3,1,0,0,1,0,FALSE,FALSE,20000,20000,10000,0
SIMI VALLEY,CA,WELLS FARGO BANK NATL ASSOC,SD,60,5,1,0,0,1,0,FALSE,FALSE,20000,20000,10000,23
DULUTH,GA,BANK OF AMERICA NATL ASSOC,GA,60,10,1,0,0,1,0,FALSE,FALSE,20000,20000,10000,0
WILLOUGHBY,OH,FIFTH THIRD BANK,OH,48,2,1,0,0,1,0,FALSE,TRUE,20000,20000,16000,81
LAME DEER,MT,WELLS FARGO BANK NATL ASSOC,MT,60,2,2,0,0,1,0,FALSE,TRUE,20000,20000,16000,44
VIENNA,IL,BANTERRA BANK,KY,84,1,2,0,0,1,0,FALSE,TRUE,20000,20000,16000,0
WILLMAR,MN,HERITAGE BANK NATL ASSOC,MN,81,4,1,0,0,1,0,FALSE,TRUE,20000,20000,16000,0
BROWNWOOD,TX,MILLS COUNTY STATE BANK,TX,5,3,2,0,0,1,0,FALSE,TRUE,20000,20000,16000,0
MUNCIE,IN,KEYBANK NATIONAL ASSOCIATION,OH,84,2,2,0,0,1,0,FALSE,FALSE,20000,20000,10000,81
NEW YORK,NY,JPMORGAN CHASE BANK NATL ASSOC,IL,36,5,2,0,0,1,0,FALSE,FALSE,20000,20000,10000,71
NASHVILLE,TN,BANK OF AMERICA NATL ASSOC,TN,84,2,2,0,0,1,0,FALSE,TRUE,20000,20000,16000,23
DUBUQUE,IA,U.S. BANK NATIONAL ASSOCIATION,OH,60,2,2,0,0,1,0,FALSE,TRUE,20000,20000,16000,23
BRONX,NY,JPMORGAN CHASE BANK NATL ASSOC,IL,60,7,1,0,0,1,0,FALSE,FALSE,20000,20000,10000,33
FLUSHING,NY,JPMORGAN CHASE BANK NATL ASSOC,IL,60,4,2,0,0,1,0,FALSE,FALSE,20000,20000,10000,0
BLOOMINGTON,IN,JPMORGAN CHASE BANK NATL ASSOC,IL,84,3,2,0,0,1,0,FALSE,TRUE,20000,20000,16000,0
FORDLAND,MO,LEGACY BANK & TRUST COMPANY,MO,42,1,2,0,0,1,0,FALSE,TRUE,20000,20000,16000,0
LOS ANGELES,CA,BBCN BANK,CA,45,4,1,2,4,1,1,FALSE,FALSE,20000,20000,17000,72
YUMA,AZ,GE CAP. SMALL BUS. FINAN CORP,TX,60,2,1,0,0,1,0,FALSE,FALSE,20000,20000,15000,71
EL PASO,TX,JPMORGAN CHASE BANK NATL ASSOC,IL,48,22,2,0,0,1,0,FALSE,TRUE,20000,20000,16000,0
COLUMBIA,MO,BANK OF AMERICA NATL ASSOC,NC,78,1,2,0,0,1,0,FALSE,TRUE,20000,20000,16000,0
WESTERVILLE,OH,THE HUNTINGTON NATIONAL BANK,OH,63,3,2,0,0,1,0,FALSE,TRUE,20000,20000,16000,0
WAITE PARK,MN,WELLS FARGO BANK NATL ASSOC,MN,60,4,1,0,0,1,0,FALSE,TRUE,20000,20000,16000,0
HOPKINS,MN,WELLS FARGO BANK NATL ASSOC,SD,60,5,1,0,0,1,0,FALSE,FALSE,20000,20000,10000,0
FORT WORTH,TX,LIBERTY BANK,TX,84,3,1,0,0,1,0,FALSE,TRUE,20000,20000,16000,0
COLUMBUS,OH,JPMORGAN CHASE BANK NATL ASSOC,IL,16,2,2,0,0,1,0,FALSE,FALSE,20000,20000,10000,0
OKLAHOMA CITY,OK,BANK OF AMERICA NATL ASSOC,NC,60,2,1,0,0,1,0,FALSE,TRUE,20000,20000,16000,31
ENOREE,SC,BBCN BANK,CA,63,2,1,2,2,1,1,FALSE,FALSE,20000,20000,10000,45
NEWCASTE,ME,WELLS FARGO BANK NATL ASSOC,SD,60,4,1,0,0,1,0,FALSE,FALSE,20000,20000,10000,0
VIRGINIA BEACH,VA,BBCN BANK,CA,65,5,1,1,5,1,1,FALSE,FALSE,20000,20000,17000,42
SAN JACINTO,CA,MUFG UNION BANK NATL ASSOC,CA,84,12,1,0,0,1,1,TRUE,FALSE,20000,20000,10000,72
WHITEFISH,MT,WELLS FARGO BANK NATL ASSOC,SD,84,2,2,0,0,1,0,FALSE,TRUE,20000,20000,16000,44
FORREST CITY,AR,FIRST NATL BK OF EASTERN ARKAN,AR,84,3,2,0,0,1,0,FALSE,TRUE,20000,20000,16000,0
ARLINGTON,TX,COMPASS BANK,AL,84,3,1,0,3,1,1,TRUE,FALSE,20000,20000,10000,44
JACKSONVILLE,FL,WELLS FARGO BANK NATL ASSOC,SD,60,6,1,0,0,1,0,FALSE,FALSE,20000,20000,10000,23
NEW YORK,NY,WELLS FARGO BANK NATL ASSOC,SD,60,3,1,0,0,1,0,FALSE,FALSE,20000,20000,10000,0
BOSTON,MA,BANK OF AMERICA NATL ASSOC,MA,12,2,1,0,0,1,0,FALSE,FALSE,20000,20000,10000,23
SEATTLE,WA,BANK OF AMERICA NATL ASSOC,WA,12,1,2,0,0,1,0,FALSE,FALSE,20000,20000,10000,0
CEDAR RAPIDS,IA,WELLS FARGO BANK NATL ASSOC,SD,6,12,1,0,0,1,0,FALSE,FALSE,20000,20000,10000,0
CANANDAIGUA,NY,CANANDAIGUA NATL BK & TR CO,NY,36,9,1,0,0,1,0,FALSE,TRUE,20000,20000,16000,23
GRANDY,NC,BANCO POPULAR NORTH AMERICA,NY,6,7,1,0,7,1,2,TRUE,FALSE,20000,20000,10000,44
SALT LAKE CITY,UT,ZIONS FIRST NATIONAL BANK,UT,60,6,2,0,0,1,0,FALSE,TRUE,20000,20000,16000,32
FALMOUTH,MA,THE EDGARTOWN NATIONAL BANK,MA,12,2,1,0,0,1,0,FALSE,TRUE,20000,20000,16000,0
FAIRPORT,NY,JPMORGAN CHASE BANK NATL ASSOC,IL,60,1,2,0,0,1,0,FALSE,FALSE,20000,20000,10000,23
MARLBORO,NY,BANK OF AMERICA NATL ASSOC,CT,61,8,1,0,0,1,0,FALSE,TRUE,20000,20000,16000,0
NEWBURYPORT,MA,WELLS FARGO BANK NATL ASSOC,SD,60,1,1,0,0,1,0,FALSE,FALSE,20000,20000,10000,44
FLOWER MOUND,TX,PROSPERITY BANK,TX,60,1,2,0,0,1,0,FALSE,FALSE,20000,20000,15000,0
BAYTOWN,TX,WELLS FARGO BANK NATL ASSOC,SD,60,19,1,0,0,1,0,TRUE,FALSE,20000,20000,10000,0
LIMA,OH,JPMORGAN CHASE BANK NATL ASSOC,IL,84,10,1,0,0,1,0,FALSE,TRUE,20000,20000,16000,48
INDIANA,PA,"BSI FINANCIAL SERVICES, INC",PA,87,1,2,0,0,1,0,FALSE,TRUE,20000,20000,16000,0
FORT LAUDERDALE,FL,BANK OF AMERICA NATL ASSOC,GA,12,5,1,0,0,1,0,FALSE,FALSE,20000,20000,10000,0
SANTA MARIA,CA,WELLS FARGO BANK NATL ASSOC,SD,60,3,1,0,0,1,0,FALSE,FALSE,20000,20000,10000,0
NEW YORK,NY,JPMORGAN CHASE BANK NATL ASSOC,IL,36,15,1,0,0,1,0,TRUE,FALSE,20000,20000,10000,0
BELLINGHAM,WA,WELLS FARGO BANK NATL ASSOC,SD,60,1,1,0,0,1,0,TRUE,FALSE,20000,20000,10000,42
SAN ANTONIO,TX,BBCN BANK,CA,47,1,1,2,1,1,1,FALSE,FALSE,20000,20000,17000,45
EVELETH,MN,WELLS FARGO BANK NATL ASSOC,SD,60,2,1,0,0,1,0,FALSE,FALSE,20000,20000,10000,0
SEMINOLE,FL,WELLS FARGO BANK NATL ASSOC,FL,84,4,2,0,0,0,0,FALSE,FALSE,20000,20000,18000,0
SPOKANE,WA,WELLS FARGO BANK NATL ASSOC,SD,4,3,1,0,0,1,0,FALSE,FALSE,20000,20000,10000,0
NEW HARBOR,ME,DAMARISCOTTA BK & TR CO,ME,96,2,2,0,0,1,0,FALSE,TRUE,20000,20000,16000,0
CONCORD,NH,"TD BANK, NATIONAL ASSOCIATION",NH,36,4,1,0,0,1,0,FALSE,TRUE,20000,20000,16000,42
CRANSTON,RI,CITIZENS BANK NATL ASSOC,RI,60,1,1,0,0,1,0,FALSE,FALSE,20000,20000,10000,0
MONETT,MO,FIRST INDEPENDENT BANK,MO,60,6,1,0,0,1,0,FALSE,TRUE,20000,20000,16000,54
FLORISSANT,MO,BANK OF AMERICA NATL ASSOC,NC,60,2,1,0,0,1,0,FALSE,TRUE,20000,20000,16000,0
NORTHAMPTON,MA,PEOPLE'S UNITED BANK,CT,84,3,2,0,3,1,1,FALSE,FALSE,20000,20000,10000,45
GRIFFIN,GA,UNITED BANK,GA,120,7,2,0,0,1,0,FALSE,TRUE,20000,20000,16000,0
SAVANNAH,GA,BRANCH BK. & TR CO,GA,36,3,1,0,0,1,0,FALSE,TRUE,20000,20000,16000,45
TULSA,OK,1ST NATL BK & TR CO OF BROKEN,OK,60,4,1,0,0,1,0,FALSE,FALSE,20000,20000,16000,45
OTIS ORCHARDS,WA,KEYBANK NATIONAL ASSOCIATION,WA,12,1,1,0,0,1,0,FALSE,FALSE,20000,20000,10000,42
BALTIMORE,MD,MANUFACTURERS & TRADERS TR CO,MD,12,6,1,0,0,1,0,TRUE,FALSE,20000,20000,15000,23
WATERTOWN,SD,FIRST PREMIER BANK,SD,60,2,1,0,0,1,0,FALSE,TRUE,20000,20000,16000,54
LOS ANGELES,CA,WILSHIRE BANK,CA,84,2,1,0,0,1,0,FALSE,FALSE,20000,20000,16000,0
GULFPORT,MS,BANCORPSOUTH BANK,MS,84,4,2,0,0,1,0,FALSE,TRUE,20000,20000,16000,54
HAMILTON,NY,"NBT BANK, NATIONAL ASSOCIATION",NY,60,1,2,1,1,1,2,FALSE,FALSE,20000,20000,10000,33
PASO ROBLES,CA,HERITAGE OAKS BANK,CA,17,2,1,0,0,1,0,FALSE,TRUE,20000,20000,16000,0
GARDNER,MA,"TD BANK, NATIONAL ASSOCIATION",DE,7,3,1,0,0,1,0,FALSE,TRUE,20000,20000,16000,0
LITTLE ROCK,AR,REGIONS BANK,AR,60,3,2,0,0,1,0,FALSE,TRUE,20000,20000,16000,0
YAZOO CITY,MS,BBCN BANK,CA,84,17,1,1,17,1,2,FALSE,FALSE,20000,20000,17000,62
TALLAHASSEE,FL,"READYCAP LENDING, LLC",CA,84,5,1,0,0,1,0,FALSE,TRUE,20000,20000,16000,0
GLENSIDE,PA,"PNC BANK, NATIONAL ASSOCIATION",DE,24,5,1,0,5,1,1,TRUE,FALSE,20000,20000,10000,62
ACKLEY,IA,ACKLEY STATE BANK,IA,42,10,2,0,0,1,0,FALSE,TRUE,20000,20000,16000,0
PULASKI,NY,"NBT BANK, NATIONAL ASSOCIATION",NY,84,12,2,0,12,1,2,TRUE,FALSE,20000,20000,10000,81
GARNER,IA,"LIBERTY BANK, FSB",IA,120,4,1,0,0,1,0,FALSE,TRUE,20000,20000,16000,81
URBANA,IL,CENTRAL ILLINOIS BANK A BRANCH,IL,108,1,2,0,0,1,0,FALSE,FALSE,20000,20000,16000,0
BRONX,NY,BNB HANA BANK NATL ASSOC,NJ,85,2,1,0,0,1,0,FALSE,TRUE,20000,20000,16000,45
BROOKLYN,NY,HSBC BK USA NATL ASSOC,NY,61,1,2,0,0,1,0,FALSE,TRUE,20000,20000,16000,44
LAMAR,MO,METROPOLITAN NATIONAL BANK,MO,84,1,2,0,0,1,0,FALSE,TRUE,20000,20000,16000,51
PROVO,UT,U.S. BANK NATIONAL ASSOCIATION,OH,84,2,1,1,3,1,1,TRUE,FALSE,20000,20000,17000,54
BATTLE CREEK,NE,WELLS FARGO BANK NATL ASSOC,NE,60,2,2,0,0,1,0,FALSE,TRUE,20000,20000,16000,0
NASHVILLE,TN,WELLS FARGO BANK NATL ASSOC,SD,60,2,1,0,0,1,0,FALSE,FALSE,20000,20000,10000,0
DRESDEN,OH,"PNC BANK, NATIONAL ASSOCIATION",OH,48,3,1,0,0,1,0,FALSE,TRUE,20000,20000,16000,0
MCALLEN,TX,FROST BANK,TX,60,3,2,0,0,1,0,FALSE,TRUE,20000,20000,16000,0
LAS CRUCES,NM,COMPASS BANK,NM,60,4,2,0,0,1,0,FALSE,TRUE,20000,20000,16000,51
GENESEO,NY,CANANDAIGUA NATL BK & TR CO,NY,48,1,1,0,0,1,0,FALSE,TRUE,20000,20000,16000,0
WICHITA,KS,EQUITY BANK,KS,84,5,1,0,0,1,0,FALSE,TRUE,20000,20000,16000,33
BLAWNOX,PA,ALLEGHENY VALLEY BK OF PITTSBU,PA,60,2,2,0,0,1,0,FALSE,TRUE,20000,20000,16000,81
DES MOINES,IA,WELLS FARGO BANK NATL ASSOC,SD,36,17,1,0,0,1,0,FALSE,TRUE,20000,20000,16000,71
NEW YORK,NY,BNB HANA BANK NATL ASSOC,NJ,85,3,2,0,0,1,0,FALSE,TRUE,20000,20000,16000,0
SAN CLEMENTE,CA,WELLS FARGO BANK NATL ASSOC,SD,60,2,1,0,0,1,0,TRUE,FALSE,20000,20000,10000,0
MIAMI,FL,WELLS FARGO BANK NATL ASSOC,SD,3,2,1,0,0,1,0,FALSE,FALSE,20000,20000,10000,0
HAMPTON,AR,FIRST STATE BANK OF WARREN,AR,5,3,1,0,0,1,0,FALSE,TRUE,20000,20000,16000,23
ALBURG,VT,PEOPLES TR CO OF ST. ALBANS,VT,60,2,2,0,0,1,0,FALSE,TRUE,20000,20000,16000,0
LITTLE ROCK,AR,WELLS FARGO BANK NATL ASSOC,SD,22,6,1,0,0,1,0,FALSE,FALSE,20000,20000,10000,0
SEATTLE,WA,BANK OF AMERICA NATL ASSOC,WA,12,4,1,0,0,1,0,FALSE,FALSE,20000,20000,10000,44
MCCALL,ID,BANK OF THE CASCADES,OR,84,1,1,0,0,1,0,FALSE,TRUE,20000,20000,16000,23
HOUSTON,TX,UNITED CENTRAL BANK,TX,71,20,1,0,20,1,0,FALSE,FALSE,20000,20000,17000,72
GRAFTON,ND,BREMER BANK NATL ASSOC,ND,60,3,1,0,0,1,0,FALSE,TRUE,20000,20000,16000,54
BARRINGTON,IL,BBCN BANK,CA,22,3,1,1,3,1,1,FALSE,FALSE,20000,20000,17000,56
MERKEL,TX,CITIZENS BANK NATL ASSOC,TX,60,4,1,0,0,1,0,FALSE,TRUE,20000,20000,16000,81
SO. BOUND BROOK,NJ,BANK OF AMERICA NATL ASSOC,CT,36,3,1,0,0,1,0,FALSE,TRUE,20000,20000,16000,72
SCOTTSDALE,AZ,WELLS FARGO BANK NATL ASSOC,CA,60,1,1,0,1,1,1,TRUE,FALSE,20000,20000,10000,81
ATLANTIC,IA,ROLLING HILLS BANK & TRUST,IA,179,1,1,0,0,1,0,FALSE,TRUE,20000,20000,16000,44
ROCHESTER,MN,ASSOCIATED BANK NATL ASSOC,WI,31,6,1,0,0,1,0,FALSE,TRUE,20000,20000,16000,0
WEST HARTFORD,CT,BANK OF AMERICA NATL ASSOC,RI,60,3,1,0,0,1,0,FALSE,TRUE,20000,20000,16000,0
WARRENTON,VA,MANUFACTURERS & TRADERS TR CO,MD,84,1,2,0,0,1,0,FALSE,TRUE,20000,20000,16000,0
LA VERNE,CA,PACIFIC WESTERN BANK,CA,120,1,2,0,0,1,0,FALSE,FALSE,20000,20000,16000,56
DRACUT,MA,ENTERPRISE BK & TR CO,MA,48,5,2,0,0,1,0,FALSE,TRUE,20000,20000,16000,0
LAWRENCE,MA,BANK OF AMERICA NATL ASSOC,MA,12,12,1,0,0,1,0,TRUE,FALSE,20000,20000,10000,23
CHICAGO,IL,WELLS FARGO BANK NATL ASSOC,SD,60,2,1,0,0,1,0,TRUE,FALSE,20000,20000,10000,0
MOUNT CARMEL,TN,INNOVATIVE BANK,CA,84,2,1,2,2,1,2,FALSE,FALSE,20000,20000,17000,23
FLEMINGTON,NJ,"TD BANK, NATIONAL ASSOCIATION",DE,58,4,1,0,0,1,0,FALSE,FALSE,20000,20000,16000,62
BLOOMSBURG,PA,"PNC BANK, NATIONAL ASSOCIATION",DE,24,3,1,2,5,1,1,TRUE,FALSE,20000,20000,10000,81
RIVERDALE,NY,JPMORGAN CHASE BANK NATL ASSOC,IL,60,2,2,0,0,1,0,FALSE,FALSE,20000,20000,10000,0
ORANGE,CA,MUFG UNION BANK NATL ASSOC,CA,36,1,1,0,0,1,1,FALSE,FALSE,20000,20000,10000,54
WINTER PARK,CO,BANK OF THE WEST,CO,60,1,1,0,0,1,0,FALSE,FALSE,20000,20000,16000,0
SEATTLE,WA,EAST WEST BANK,WA,84,2,1,0,2,1,1,FALSE,FALSE,20000,20000,10000,72
BATON ROUGE,LA,INNOVATIVE BANK,CA,84,8,1,2,8,1,1,FALSE,FALSE,20000,20000,17000,62
WASHINGTON,PA,WASHINGTON FINANCIAL BANK,PA,60,3,1,0,0,1,0,FALSE,TRUE,20000,20000,16000,31
NEW PHILADELPHIA,OH,THE CITIZENS SAVINGS BANK,OH,84,1,2,0,0,1,0,FALSE,TRUE,20000,20000,16000,45
ROSEBUD,MO,BANK OF SULLIVAN,MO,84,3,2,0,0,1,0,FALSE,TRUE,20000,20000,16000,0
LAS VEGAS,NV,WELLS FARGO BANK NATL ASSOC,NV,60,9,1,0,0,1,0,FALSE,FALSE,20000,20000,16000,0
DORCHESTER,MA,BANK OF AMERICA NATL ASSOC,CT,36,2,1,0,0,1,0,FALSE,TRUE,20000,20000,16000,0
GREENFIELD,MA,WELLS FARGO BANK NATL ASSOC,SD,60,6,1,0,0,1,0,TRUE,FALSE,20000,20000,10000,0
MORGANTOWN,WV,INNOVATIVE BANK,CA,84,18,1,0,18,1,2,FALSE,FALSE,20000,20000,17000,56
GUYMON,OK,BANK OF THE PANHANDLE,OK,60,3,1,0,0,1,0,FALSE,TRUE,20000,20000,16000,44
MILFORD,PA,"PNC BANK, NATIONAL ASSOCIATION",PA,60,1,2,0,0,1,0,FALSE,TRUE,20000,20000,16000,42
ROCHESTER,NY,BANK OF AMERICA NATL ASSOC,NY,60,35,1,0,0,1,0,FALSE,TRUE,20000,20000,16000,0
PROVIDENCE,RI,CITIZENS BANK NATL ASSOC,RI,8,2,1,0,0,1,0,TRUE,FALSE,20000,20000,10000,62
MIAMI BEACH,FL,SUNTRUST BANK,GA,84,1,1,0,0,1,0,FALSE,TRUE,20000,20000,16000,0
GARDNER,MA,BANK OF AMERICA NATL ASSOC,MA,84,3,2,0,0,1,0,FALSE,FALSE,20000,20000,10000,0
HUNTINGTON BEACH,CA,BANK OF AMERICA CALIFORNIA N.A,CA,84,9,2,0,0,1,0,FALSE,FALSE,20000,20000,16000,0
BROOKFIELD,CT,JPMORGAN CHASE BANK NATL ASSOC,IL,48,3,2,0,0,1,0,FALSE,FALSE,20000,20000,10000,0
WASHINGTON,DC,INDUSTRIAL BANK,DC,60,3,1,0,0,1,0,FALSE,TRUE,20000,20000,16000,44
NEODESHA,KS,WELLS FARGO BANK NATL ASSOC,SD,60,5,1,0,0,1,0,TRUE,FALSE,20000,20000,10000,0
ST. LOUIS,MO,BANK OF AMERICA NATL ASSOC,NC,60,10,1,0,0,1,0,FALSE,TRUE,20000,30000,24000,0
GARRISON,ND,BREMER BANK NATL ASSOC,ND,36,5,2,0,0,19550,0,FALSE,TRUE,20000,20000,16000,0
GORHAM,ME,MAINE BK & TRUST A DIVISION OF,ME,60,1,2,0,0,1,0,FALSE,TRUE,20000,20000,16000,42
KERNERSVILLE,NC,BRANCH BK. & TR CO,NC,60,1,2,0,0,1,0,FALSE,TRUE,20000,20000,16000,0
LYONS,NY,HSBC BK USA NATL ASSOC,NY,48,3,2,0,0,1,0,FALSE,TRUE,20000,20000,16000,0
CLARKSVILLE,TN,BBCN BANK,CA,84,15,2,0,15,1,1,FALSE,FALSE,20000,20000,17000,61
ANCHORAGE,AK,NORTHRIM BANK,AK,4,10,1,0,0,1,0,FALSE,FALSE,20000,20000,16000,0
RALEIGH,NC,SELF-HELP CU,NC,9,1,2,1,0,1,1,FALSE,FALSE,20000,20000,10000,48
TRAVERSE CITY,MI,FIFTH THIRD BANK,OH,38,11,1,0,0,1,0,FALSE,FALSE,20000,20000,16000,33
MADISON,MN,KLEINBANK,MN,79,2,2,0,0,1,0,FALSE,TRUE,20000,20000,16000,0
CORPUS CHRISTI,TX,KLEBERG BANK NATL ASSOC,TX,60,1,1,0,0,1,0,FALSE,TRUE,20000,20000,16000,45
CRESTED BUTTE,CO,BANK OF THE WEST,CO,84,1,1,0,0,1,0,FALSE,TRUE,20000,20000,16000,0
FOUNTAIN VALLEY (TALBERT),CA,JPMORGAN CHASE BANK NATL ASSOC,NV,84,2,1,1,2,1,2,TRUE,FALSE,20000,20000,10000,81
CHICAGO,IL,BBCN BANK,CA,19,4,1,2,4,1,1,FALSE,FALSE,20000,20000,17000,23
BLADENSBURG,MD,FIRST NATL BK OF PENNSYLVANIA,MD,84,2,2,0,0,1,0,FALSE,TRUE,20000,20000,16000,0
HARTFORD,CT,BANK OF AMERICA NATL ASSOC,RI,12,8,1,0,0,1,0,TRUE,FALSE,20000,20000,10000,54
WEST VALLEY CITY,UT,AMERICANWEST BANK,UT,84,1,2,0,0,1,0,FALSE,TRUE,20000,20000,16000,42
KANSAS CITY,MO,HILLCREST BANK,KS,60,8,1,0,0,1,0,FALSE,TRUE,20000,20000,16000,0
MISSION,KS,ENTERPRISE BANK & TRUST,KS,36,1,1,0,0,1,0,FALSE,FALSE,20000,20000,16000,54
ORONO (TOWN OF),ME,"MERRILL BANK, A DIVISION OF",ME,48,13,1,1,12,1,2,FALSE,FALSE,20000,20000,10000,23
MARGATE,FL,BANK OF AMERICA NATL ASSOC,GA,60,3,1,0,0,1,0,FALSE,TRUE,20000,20000,16000,33
ONTARIO,CA,PACIFIC WESTERN BANK,CA,84,4,2,0,0,1,0,FALSE,FALSE,20000,20000,16000,33
FITCHBURG,MA,BANK OF AMERICA NATL ASSOC,MA,12,4,1,0,0,1,0,TRUE,FALSE,20000,20000,10000,44
SIGNAL MOUNTAIN,TN,BBCN BANK,CA,17,2,1,8,2,1,1,FALSE,FALSE,20000,20000,17000,51
HERCULES,CA,EAST WEST BANK,CA,84,2,1,0,0,1,0,FALSE,TRUE,20000,20000,16000,45
CLEVELAND,OH,U.S. BANK NATIONAL ASSOCIATION,OH,84,5,2,0,5,1,1,FALSE,FALSE,20000,20000,17000,53
FOLLANSBEE,WV,JPMORGAN CHASE BANK NATL ASSOC,IL,60,1,1,0,0,1,0,FALSE,TRUE,20000,20000,16000,23
MEMPHIS,TN,REGIONS BANK,TN,60,2,1,0,0,1,0,FALSE,TRUE,20000,20000,16000,23
LAWRENCEBURG,KY,PEOPLES EXCHANGE BANK,KY,84,2,2,0,0,1,0,FALSE,TRUE,20000,20000,16000,0
LANCASTER,PA,SUSQUEHANNA BANK,PA,60,7,1,0,0,1,0,FALSE,TRUE,20000,20000,16000,0
CINNAMINSON,NJ,"PNC BANK, NATIONAL ASSOCIATION",NJ,60,2,2,0,0,1,0,FALSE,FALSE,20000,20000,10000,31
CARTHAGE,MO,BANK OF AMERICA NATL ASSOC,NC,84,1,2,0,0,1,0,FALSE,TRUE,20000,20000,16000,0
GRISWOLD,IA,ROLLING HILLS BANK & TRUST,IA,240,2,1,0,0,1,0,FALSE,TRUE,20000,20000,16000,45
MANHATTAN,NY,JPMORGAN CHASE BANK NATL ASSOC,IL,60,4,2,0,0,1,0,FALSE,FALSE,20000,20000,10000,0
WATERVILLE,OH,THE HUNTINGTON NATIONAL BANK,OH,84,2,2,0,0,1,0,FALSE,TRUE,20000,20000,16000,0
LOS ANGELES,CA,BBCN BANK,CA,53,1,2,0,1,1,1,FALSE,FALSE,20000,20000,17000,45
BIRMINGHAM,AL,BBCN BANK,CA,34,4,1,4,4,1,1,FALSE,FALSE,20000,20000,17000,56
MONTPELIER,VT,"TD BANK, NATIONAL ASSOCIATION",VT,60,2,2,0,0,1,0,FALSE,TRUE,20000,20000,16000,0
CANTON,MA,CITIZENS BANK NATL ASSOC,MA,36,4,1,0,0,1,0,FALSE,TRUE,20000,20000,16000,45
NASHVILLE,TN,REGIONS BANK,AL,60,4,1,0,0,1,0,FALSE,TRUE,20000,20000,16000,0
ASHBURN,VA,UNITED BANK,VA,48,2,2,0,0,1,0,FALSE,TRUE,20000,20000,16000,0
LINCOLN,IL,STATE BANK OF LINCOLN,IL,116,1,2,1,1,1,2,FALSE,FALSE,20000,20000,17000,81
PARLIN,NJ,"PNC BANK, NATIONAL ASSOCIATION",DE,48,4,1,10,10,1,1,TRUE,FALSE,20000,10000,5000,52
LOS ANGELES,CA,BBCN BANK,CA,84,5,1,0,0,1,0,FALSE,TRUE,20000,20000,16000,81
SPRINGFIELD,MO,GREAT SOUTHERN BANK,MO,84,1,1,0,0,1,0,FALSE,FALSE,20000,20000,16000,45
BURLINGTON,WA,SKAGIT BANK,WA,48,2,2,0,0,1,0,FALSE,FALSE,20000,20000,16000,0
INGLEWOOD,CA,COMERICA BANK,TX,110,1,2,0,0,1,0,FALSE,FALSE,20000,20000,16000,0
MARYVILLE,TN,BBCN BANK,CA,51,4,1,1,4,1,1,FALSE,FALSE,20000,20000,17000,45
MOUNTAIN VIEW,CA,BBCN BANK,CA,68,1,1,1,1,1,1,FALSE,FALSE,20000,20000,17000,45
ALTUS,OK,1ST NATL BK IN ALTUS,OK,91,2,2,0,0,1,0,FALSE,FALSE,20000,20000,16000,44
HIXSON (RR NAME HIXSON),TN,BBCN BANK,CA,84,9,1,6,9,1,1,FALSE,FALSE,20000,20000,17000,81
CHICAGO,IL,BBCN BANK,CA,48,3,1,3,3,1,1,FALSE,FALSE,20000,20000,10000,44
APPLE VALLEY,MN,WELLS FARGO BANK NATL ASSOC,SD,60,1,1,0,1,1,1,TRUE,FALSE,20000,20000,10000,54
SAN RAFAEL,CA,WELLS FARGO BANK NATL ASSOC,SD,60,2,1,0,2,1,1,FALSE,FALSE,20000,20000,10000,54
LOWELL,MA,ENTERPRISE BK & TR CO,MA,60,6,2,0,0,1,0,FALSE,TRUE,20000,20000,16000,45
FLORA VISTA,NM,WELLS FARGO BANK NATL ASSOC,NM,60,10,1,0,0,1,0,FALSE,TRUE,20000,20000,16000,23
ENID,OK,CENTRAL NATL BK & TR CO OF ENI,OK,78,1,2,0,0,1,0,FALSE,FALSE,20000,20000,16000,45
KATONAH,NY,JPMORGAN CHASE BANK NATL ASSOC,IL,60,1,1,0,0,1,0,FALSE,FALSE,20000,20000,10000,0
NEW YORK,NY,JPMORGAN CHASE BANK NATL ASSOC,IL,24,3,1,0,0,1,0,FALSE,FALSE,20000,20000,10000,0
BOZEMAN,MT,FIRST SECURITY BK OF MISSOULA,MT,60,13,1,0,0,1,0,FALSE,TRUE,20000,20000,16000,0
ARTHURDALE,WV,BBCN BANK,CA,84,2,1,1,2,1,2,FALSE,FALSE,20000,20000,17000,45
DUNCANVILLE,TX,PROSPERITY BANK,TX,24,12,1,0,0,1,0,FALSE,TRUE,20000,20000,16000,0
DALEVILLE,AL,COMMUNITY BK & TR OF S.E. ALAB,AL,60,1,2,0,0,1,0,FALSE,TRUE,20000,20000,16000,54
LUBBOCK,TX,PROSPERITY BANK,TX,60,10,2,0,0,35711,0,FALSE,TRUE,20000,20000,16000,0
EL PASO,TX,JPMORGAN CHASE BANK NATL ASSOC,IL,36,5,1,0,0,1,0,FALSE,FALSE,20000,20000,10000,0
UNION CITY,NJ,BANCO POPULAR NORTH AMERICA,NJ,60,1,1,0,0,1,0,FALSE,TRUE,20000,20000,16000,0
ALBUQUERQUE,NM,BANK OF AMERICA NATL ASSOC,NM,60,1,2,0,0,1,0,FALSE,TRUE,20000,20000,16000,0
SPRINGFIELD,MO,METROPOLITAN NATIONAL BANK,MO,60,1,1,0,0,1,0,FALSE,TRUE,20000,20000,16000,0
PRESCOTT VALLEY,AZ,JPMORGAN CHASE BANK NATL ASSOC,IL,71,10,1,0,0,1,0,FALSE,FALSE,20000,20000,10000,0
WICHITA,KS,FIDELITY BANK,KS,36,4,2,0,4,1,1,TRUE,FALSE,20000,15000,7500,54
SHEBOYGAN,WI,WELLS FARGO BANK NATL ASSOC,SD,60,2,1,0,2,1,2,FALSE,FALSE,20000,20000,10000,23
RIVERTON,UT,MOUNTAIN AMERICA FCU,UT,42,1,2,3,1,1,2,TRUE,FALSE,20000,20000,10000,56
TITUSVILLE,PA,FIRST COMMONWEALTH BANK,PA,84,1,1,0,0,1,0,FALSE,TRUE,20000,20000,16000,21
GLOVERSVILLE,NY,"NBT BANK, NATIONAL ASSOCIATION",NY,120,2,2,0,0,1,0,FALSE,TRUE,20000,20000,16000,0
MELROSE,MA,CENTURY BANK AND TRUST COMPANY,MA,60,3,1,0,0,1,0,FALSE,FALSE,20000,20000,16000,81
NEW LONDON,NH,SUGAR RIVER BANK,NH,60,6,1,0,0,1,0,FALSE,TRUE,20000,20000,16000,0
REYNOLDSBURG,OH,JPMORGAN CHASE BANK NATL ASSOC,IL,1,1,1,0,0,1,0,FALSE,FALSE,20000,20000,10000,56
ALBANY,NY,KEYBANK NATIONAL ASSOCIATION,NY,60,1,1,0,0,1,0,FALSE,FALSE,20000,20000,10000,45
BILLERICA,MA,BANK OF AMERICA NATL ASSOC,NC,60,2,2,0,0,1,0,FALSE,TRUE,20000,20000,16000,0
BOSTON,MA,BANK OF AMERICA NATL ASSOC,MA,144,50,1,0,0,1,0,TRUE,FALSE,20000,20000,10000,0
FRAMINGHAM,MA,BANK OF AMERICA NATL ASSOC,CT,36,6,1,0,0,1,0,FALSE,TRUE,20000,20000,16000,0
FAIRPORT,NY,BANK OF AMERICA NATL ASSOC,CT,60,1,1,0,0,1,0,FALSE,TRUE,20000,20000,16000,45
WEEDSPORT,NY,COMMUNITY BANK NATL ASSOC,NY,84,10,0,0,0,1,0,FALSE,FALSE,20000,20000,15000,0
CRYSTAL SPRINGS,MS,REGIONS BANK,TN,84,2,1,0,0,1,0,FALSE,TRUE,20000,20000,16000,44
NEW PALTZ,NY,BANK OF AMERICA NATL ASSOC,CT,61,2,1,0,0,1,0,FALSE,TRUE,20000,20000,16000,44
FARGO,ND,ALERUS FINANCIAL NATL ASSOC,ND,36,8,2,0,0,1,0,FALSE,TRUE,20000,20000,15000,0
LIHUE,HI,WELLS FARGO BANK NATL ASSOC,CA,49,7,1,0,0,1,0,TRUE,FALSE,20000,20000,10000,42
CLEVELAND,OH,URBAN PARTNERSHIP BANK,OH,60,1,1,0,0,1,0,FALSE,TRUE,20000,20000,16000,0
FARMINGTON,NH,WELLS FARGO BANK NATL ASSOC,SD,60,1,1,0,0,1,0,FALSE,FALSE,20000,20000,10000,45
FREEOLD,NJ,"TD BANK, NATIONAL ASSOCIATION",DE,84,7,2,0,0,1,0,FALSE,FALSE,20000,20000,16000,62
BREWER,ME,"MERRILL BANK, A DIVISION OF",ME,60,2,1,0,0,1,0,FALSE,TRUE,20000,20000,16000,45
LAWRENCE,KS,U.S. BANK NATIONAL ASSOCIATION,OH,63,1,2,0,0,1,0,FALSE,TRUE,20000,20000,16000,54
FORT DODGE,IA,WELLS FARGO BANK NATL ASSOC,IA,60,1,2,0,0,1,0,FALSE,TRUE,20000,20000,16000,81
CHICOPEE,MA,BANK OF AMERICA NATL ASSOC,RI,36,12,1,0,0,1,0,FALSE,TRUE,20000,20000,16000,45
WAYLAND,MA,BANK OF AMERICA NATL ASSOC,MA,12,3,1,0,0,1,0,TRUE,FALSE,20000,20000,10000,54
SAINT LOUIS,MO,BBCN BANK,CA,84,1,1,1,1,1,1,FALSE,FALSE,20000,20000,17000,23
MADISON,OH,JPMORGAN CHASE BANK NATL ASSOC,IL,60,1,1,0,0,1,0,FALSE,FALSE,20000,20000,10000,44
LAFAYETTE,LA,"MIDSOUTH BANK, N.A.",LA,84,2,1,0,0,1,0,FALSE,TRUE,20000,20000,16000,81
SPRINGFIELD,MN,FIRST NATIONAL BANK,MN,55,2,2,0,0,1,0,FALSE,TRUE,20000,35000,28000,45
SALT LAKE CITY,UT,JPMORGAN CHASE BANK NATL ASSOC,IL,12,3,1,0,0,1,0,TRUE,FALSE,20000,20000,10000,0
BILLINGS,MT,WELLS FARGO BANK NATL ASSOC,MT,36,1,2,0,0,1,0,FALSE,TRUE,20000,20000,16000,51
BANNER,KY,BRANCH BK. & TR CO,NC,36,2,2,0,0,1,0,FALSE,TRUE,20000,20000,16000,11
PLAISTOW,NH,WELLS FARGO BANK NATL ASSOC,CA,81,1,1,0,0,1,0,FALSE,FALSE,20000,20000,10000,44
NEW HYDE PARK,NY,WELLS FARGO BANK NATL ASSOC,SD,60,3,1,0,0,1,0,TRUE,FALSE,20000,20000,10000,23
WEST CHAZY,NY,GLENS FALLS NATL BK & TR CO,NY,60,1,1,0,0,1,0,FALSE,TRUE,20000,20000,16000,23
GREENUP,IL,BANK OF AMERICA NATL ASSOC,NC,38,1,1,0,0,1,0,FALSE,TRUE,20000,20000,16000,45
ARARAT,NC,BANK OF AMERICA NATL ASSOC,NC,8,2,1,0,0,1,0,TRUE,FALSE,20000,20000,10000,0
SCOTT,LA,GULF COAST BANK,LA,60,4,1,0,0,1,0,FALSE,FALSE,20000,20000,15000,0
PENNSAUKEN,NJ,"PNC BANK, NATIONAL ASSOCIATION",PA,84,5,1,0,0,1,0,FALSE,FALSE,20000,20000,10000,0
PHARR,TX,WELLS FARGO BANK NATL ASSOC,TX,84,2,2,0,0,1,0,FALSE,TRUE,20000,20000,16000,62
OXNARD,CA,"CITIBANK, N.A.",CA,84,8,1,1,8,1,1,TRUE,FALSE,20000,20000,10000,56
CHARLOTTE,NC,MECHANICS AND FARMERS BANK,NC,54,1,1,0,0,1,0,FALSE,TRUE,20000,20000,16000,0
GREENFIELD,MA,GREENFIELD SAVINGS BANK,MA,84,1,2,0,0,1,0,FALSE,TRUE,20000,20000,16000,44
PROVO,UT,U.S. BANK NATIONAL ASSOCIATION,OH,52,1,2,0,0,1,0,FALSE,TRUE,20000,20000,16000,0
BRENTWOOD,TN,FIRST TENNESSEE BANK NATL ASSO,TN,36,1,2,0,0,1,0,FALSE,TRUE,20000,20000,16000,0
SCONDIDO,CA,BANK OF AMERICA CALIFORNIA N.A,CA,48,5,1,0,0,1,0,FALSE,FALSE,20000,20000,16000,0
RESERVE,NM,WASHINGTON FEDERAL NATL ASSOC,NM,60,1,2,0,0,1,0,FALSE,TRUE,20000,20000,16000,0
GLASGOW,MT,FIRST COMMUNITY BANK,MT,48,5,1,0,0,1,0,FALSE,TRUE,20000,20000,16000,0
OXFORD,AL,BRANCH BK. & TR CO,AL,65,4,1,0,0,1,0,FALSE,TRUE,20000,20000,16000,32
OVERLAND PARK,KS,COUNTRY CLUB BANK,KS,36,10,1,0,0,1,0,FALSE,TRUE,20000,20000,16000,54
BAYTOWN,TX,BBCN BANK,CA,64,4,2,5,4,1,1,FALSE,FALSE,20000,20000,17000,56
NEW YORK,NY,"CITIBANK, N.A.",NY,84,12,1,0,12,1,1,TRUE,FALSE,20000,20000,10000,49
FLORA,MS,BBCN BANK,CA,30,2,1,1,2,1,2,FALSE,FALSE,20000,20000,17000,49
WORCESTER,MA,SOUTHBRIDGE SAVINGS BANK,MA,72,4,1,0,0,1,0,FALSE,TRUE,20000,20000,16000,72
PHOENIX,AZ,JPMORGAN CHASE BANK NATL ASSOC,IL,60,15,1,0,0,1,0,FALSE,FALSE,20000,20000,10000,23
COLUMBIA,MO,BOONE CNTY NATL BK OF COLUMBI,MO,60,1,1,1,2,1,1,FALSE,FALSE,20000,20000,10000,71
MCALLEN,TX,CAPITAL ONE NATL ASSOC,TX,48,8,2,0,0,1,0,FALSE,TRUE,20000,20000,16000,0
FARGO,ND,FIRST INTERNATL BK & TR,ND,84,10,1,0,0,1,0,FALSE,TRUE,20000,20000,16000,0
SOUTH BEND,IN,1ST SOURCE BANK,IN,60,1,2,0,1,1,2,FALSE,FALSE,20000,28000,23800,52
METAIRIE,LA,INNOVATIVE BANK,CA,84,5,1,2,5,1,1,FALSE,FALSE,20000,20000,17000,72
ONTARIO,CA,UNITI BANK,CA,36,2,1,0,2,1,1,FALSE,FALSE,20000,20000,10000,44
PLAINFIELD,IN,INNOVATIVE BANK,CA,84,1,1,1,1,1,1,FALSE,FALSE,20000,20000,10000,23
AUBURN,WA,BOEING EMPL CU,WA,67,2,2,2,0,1,1,FALSE,FALSE,20000,20000,10000,45
MINOOKA,IL,"PNC BANK, NATIONAL ASSOCIATION",IL,60,1,2,0,0,1,0,FALSE,TRUE,20000,20000,16000,23
AMIDON,ND,DAKOTA WESTERN BANK,ND,74,2,1,0,0,1,0,FALSE,TRUE,20000,20000,16000,0
NORTH CHARLESTON,SC,WELLS FARGO BANK NATL ASSOC,SD,60,2,2,0,0,1,0,FALSE,TRUE,20000,20000,16000,45
SOUTHFIELD,MI,WELLS FARGO BANK NATL ASSOC,CA,60,6,1,0,0,1,0,TRUE,FALSE,20000,20000,10000,0
EAGLE,CO,ALPINE BANK,CO,60,3,2,0,0,1,0,FALSE,TRUE,20000,40000,32000,23
BONHAM,TX,LEGEND BANK NATL ASSOC,TX,60,2,2,0,0,1,0,FALSE,TRUE,20000,20000,16000,0
FORT LAUDERDALE,FL,BANK OF AMERICA NATL ASSOC,GA,120,4,2,0,0,1,0,FALSE,FALSE,20000,20000,10000,0
FLEMINGTON,NJ,WELLS FARGO BANK NATL ASSOC,SD,96,5,2,0,0,1,0,FALSE,TRUE,20000,65000,52000,0
SALEM,OR,WELLS FARGO BANK NATL ASSOC,SD,60,2,1,0,0,1,0,TRUE,FALSE,20000,20000,10000,0
POUGHKEEPSIE,NY,RHINEBECK BANK,NY,60,1,1,1,1,1,1,FALSE,FALSE,20000,20000,10000,54
JOHNSTON,RI,CITIZENS BANK NATL ASSOC,RI,84,5,2,0,0,1,0,FALSE,TRUE,20000,20000,16000,0
KINGSTOWN,WA,CITIZENS BANK NATL ASSOC,RI,12,3,1,0,0,1,0,FALSE,FALSE,20000,20000,10000,0
ELIZABETH,PA,"PNC BANK, NATIONAL ASSOCIATION",DE,12,2,1,0,0,1,0,FALSE,FALSE,20000,20000,16000,23
PALM BAY,FL,JPMORGAN CHASE BANK NATL ASSOC,NV,84,1,1,3,1,1,1,TRUE,FALSE,20000,20000,10000,53
FORT WAYNE,IN,WELLS FARGO BANK NATL ASSOC,IN,8,2,2,0,0,1,0,FALSE,TRUE,20000,20000,16000,44
BURLINGTON,VT,KEYBANK NATIONAL ASSOCIATION,VT,60,19,1,0,0,1,0,FALSE,FALSE,20000,20000,10000,54
ASTORIA,OR,COLUMBIA ST. BANK D/B/A BK OF,OR,48,2,2,0,0,1,0,FALSE,TRUE,20000,20000,16000,11
SPRINGFIELD,MO,U.S. BANK NATIONAL ASSOCIATION,OH,60,7,1,0,0,53585,0,FALSE,TRUE,20000,20000,16000,81
SAN DIEGO,CA,UMPQUA BANK,OR,84,1,1,0,0,1,0,FALSE,TRUE,20000,25000,20000,23
DENVER,CO,COBIZ BANK,CO,36,14,1,0,0,1,0,FALSE,TRUE,20000,20000,16000,45
OCEANSIDE,CA,MUFG UNION BANK NATL ASSOC,CA,36,10,1,0,0,1,1,FALSE,FALSE,20000,20000,10000,54
SAPULPA,OK,BANCFIRST,OK,64,5,2,0,0,1,0,FALSE,TRUE,20000,20000,16000,23
UNDERWOOD,IN,"PNC BANK, NATIONAL ASSOCIATION",DE,2,4,1,0,4,1,1,TRUE,FALSE,20000,20000,10000,54
EL PASO,TX,UNITED BK OF EL PASO DEL NORTE,TX,60,16,1,0,0,1,1,FALSE,FALSE,20000,20000,15000,54
GRAND FORKS,ND,AMERICAN FEDERAL BANK,ND,18,5,1,0,0,1,0,FALSE,TRUE,20000,20000,16000,81
CHANDLER,AZ,WELLS FARGO BANK NATL ASSOC,SD,11,4,1,0,0,1,0,FALSE,FALSE,20000,20000,10000,0
ARIEL,WA,WELLS FARGO BANK NATL ASSOC,SD,60,1,1,0,0,1,0,TRUE,FALSE,20000,20000,10000,0
LYONS FALLS,NY,COMMUNITY BANK NATL ASSOC,NY,120,6,2,0,0,1,0,FALSE,TRUE,20000,20000,16000,0
DES MOINES,IA,WELLS FARGO BANK NATL ASSOC,SD,60,4,1,0,0,1,0,FALSE,FALSE,20000,20000,10000,72
N. LAS VEGAS,NV,NEVADA STATE BANK,NV,60,5,1,0,0,1,0,FALSE,TRUE,20000,20000,16000,0
WATSONVILLE,CA,SANTA CRUZ COMMUNITY CU,CA,48,2,1,0,2,1,2,FALSE,FALSE,20000,20000,10000,62
SEATTLE,WA,BANNER BANK,WA,60,2,2,0,0,1,0,FALSE,TRUE,20000,20000,16000,45
MECHANICSVILLE,VA,BANK OF AMERICA NATL ASSOC,NC,12,8,2,0,0,17584,0,TRUE,FALSE,20000,20000,10000,23
OMAHA,NE,GREAT WESTERN BANK,SD,21,20,1,0,20,1,1,FALSE,FALSE,20000,20000,15000,72
WARWICK,RI,CITIZENS BANK NATL ASSOC,RI,9,3,1,0,0,1,0,TRUE,FALSE,20000,20000,10000,33
BALLWIN,MO,MERAMEC VALLEY BANK,MO,60,2,1,0,0,1,0,FALSE,TRUE,20000,20000,16000,0
ANTLERS,OK,SECURITY FIRST NATIONAL BANK,OK,41,4,2,0,0,1,0,FALSE,TRUE,20000,20000,16000,33
DOVER,NH,BANK OF AMERICA NATL ASSOC,CT,60,1,2,0,0,1,0,FALSE,TRUE,20000,20000,16000,0
OVERLAND PARK,KS,METCALF BANK,KS,60,1,2,0,0,1,0,FALSE,TRUE,20000,20000,16000,0
ONEONTA,NY,COMMUNITY BANK NATL ASSOC,NY,60,9,2,0,0,1,0,FALSE,TRUE,20000,20000,16000,54
NEWPORT NEWS,VA,OLD POINT NATL BK OF PHOEBUS,VA,60,2,1,0,0,1,0,FALSE,TRUE,20000,20000,16000,45
SUMNER,IA,NORTHEAST SECURITY BANK,IA,84,1,2,0,0,1,0,FALSE,TRUE,20000,20000,16000,0
ABILENE,TX,COMPASS BANK,TX,48,3,2,0,0,1,0,FALSE,TRUE,20000,20000,16000,0
CHARLESTON,WV,BRANCH BK. & TR CO,NC,60,6,1,0,0,1,0,FALSE,TRUE,20000,20000,16000,0
RIPLEY,TN,BBCN BANK,CA,12,2,1,1,2,1,2,FALSE,FALSE,20000,20000,17000,72
SEATTLE,WA,BANK OF AMERICA NATL ASSOC,NC,60,2,2,0,0,1,0,FALSE,TRUE,20000,20000,16000,0
PITTSBURGH,PA,ENTERPRISE BANK,PA,60,10,1,2,0,1,1,FALSE,FALSE,20000,20000,10000,54
ROLLA,ND,CITIZENS COMMUNITY CU,ND,12,3,1,3,6,1,2,TRUE,FALSE,20000,20000,10000,23
DYSART,IA,FARMERS SAVINGS BANK & TRUST,IA,72,2,2,0,0,1,0,FALSE,TRUE,20000,20000,16000,0
QUEENS,NY,JPMORGAN CHASE BANK NATL ASSOC,IL,60,1,1,0,0,1,0,FALSE,FALSE,20000,20000,10000,23
WENATCHEE,WA,WELLS FARGO BANK NATL ASSOC,SD,36,5,1,0,0,1,0,FALSE,TRUE,20000,20000,16000,0
HOMETOWN,WV,THE HUNTINGTON NATIONAL BANK,WV,120,4,2,0,0,1,0,FALSE,TRUE,20000,20000,16000,0
WESTMINSTER,MD,BRANCH BK. & TR CO,MD,84,1,2,0,0,1,0,FALSE,TRUE,20000,20000,16000,0
HENDERSON,NV,JPMORGAN CHASE BANK NATL ASSOC,IL,20,1,1,2,1,1,2,FALSE,FALSE,20000,20000,10000,53
KOKOMO,IN,BMO HARRIS BK NATL ASSOC,IL,36,2,2,0,0,1,0,FALSE,TRUE,20000,20000,16000,62
ASHLAND,OR,JPMORGAN CHASE BANK NATL ASSOC,OR,63,4,1,0,0,1,0,FALSE,TRUE,20000,20000,16000,0
MARION,IA,CEDAR RAPIDS BK & TR CO,IA,39,1,2,0,1,1,1,TRUE,FALSE,20000,20000,10000,33
HAILEY,ID,MOUNTAIN W. BANK A DIVISION OF,ID,60,2,1,0,2,1,1,FALSE,FALSE,20000,20000,17000,56
FARGO,ND,BANK OF THE WEST,ND,60,2,1,0,0,1,0,FALSE,TRUE,20000,20000,16000,0
BUFFALO,NY,HSBC BK USA NATL ASSOC,NY,60,4,1,0,0,1,0,FALSE,FALSE,20000,20000,16000,0
EUNICE,LA,TRI-PARISH BANK,LA,60,2,2,2,0,1,0,FALSE,FALSE,20000,20000,17000,56
GLENVIEW,IL,BBCN BANK,CA,54,1,1,0,1,1,1,FALSE,FALSE,20000,20000,10000,81
PENFIELD,NY,FIRST NIAGARA BANK NATL ASSOC,NY,60,3,1,0,0,1,0,FALSE,FALSE,20000,20000,16000,0
PROVIDENCE,RI,SANTANDER BANK NATL ASSOC,DE,60,3,1,0,0,1,0,FALSE,TRUE,20000,20000,16000,0
MONTGOMERY,AL,USAMERIBANK,FL,60,4,1,0,0,1,0,FALSE,TRUE,20000,20000,16000,0
OWATONNA,MN,WELLS FARGO BANK NATL ASSOC,MN,60,2,2,0,0,1,0,FALSE,FALSE,20000,20000,16000,0
SPOKANE,WA,WELLS FARGO BANK NATL ASSOC,SD,11,22,1,0,0,1,0,TRUE,FALSE,20000,20000,10000,0
DEPEW,NY,HSBC BK USA NATL ASSOC,NY,60,1,2,0,0,1,0,FALSE,TRUE,20000,20000,16000,0
ENNING,SD,FIRST INTERSTATE BANK,SD,84,2,1,0,0,1,0,FALSE,TRUE,20000,20000,16000,0
TAZEWELL,VA,BRANCH BK. & TR CO,VA,132,2,1,0,0,1,0,FALSE,TRUE,20000,20000,16000,0
SWANSEA,IL,BANK OF AMERICA NATL ASSOC,MO,60,2,1,0,0,1,0,FALSE,FALSE,20000,20000,10000,54
WAITSFIELD,VT,NORTHFIELD SAVINGS BANK,VT,36,2,2,0,0,1,0,FALSE,TRUE,20000,20000,16000,0
LOCKPORT,NY,FIRST NIAGARA BANK NATL ASSOC,NY,36,2,2,0,0,1,0,FALSE,TRUE,20000,20000,16000,71
HUTCHINSON,KS,"BANK SNB, NATIONAL ASSOCIATION",KS,84,1,2,0,0,1,0,FALSE,TRUE,20000,20000,16000,42
CHICAGO,IL,BANCO POPULAR NORTH AMERICA,IL,60,1,1,0,0,1,0,FALSE,TRUE,20000,20000,16000,45
SPRINGFIELD,MO,EMPIRE BANK,MO,48,2,2,0,0,1,0,FALSE,TRUE,20000,20000,16000,0
DAYTON,OH,FIFTH THIRD BANK,OH,60,12,1,0,0,1,0,FALSE,TRUE,20000,20000,16000,0
DENHAM SPRINGS,LA,WHITNEY BANK,MS,60,5,1,2,5,1,0,FALSE,FALSE,20000,20000,17000,44
BROOKLYN,NY,JPMORGAN CHASE BANK NATL ASSOC,IL,36,20,1,0,0,1,0,FALSE,FALSE,20000,20000,10000,0
OMAHA,NE,WELLS FARGO BANK NATL ASSOC,NE,60,1,2,0,0,1,0,FALSE,TRUE,20000,20000,16000,33
KATY,TX,BBCN BANK,CA,84,1,1,2,1,1,1,FALSE,FALSE,20000,20000,10000,44
QUECHEE,VT,"LAKE SUNAPEE BANK, FSB",VT,84,3,1,0,0,1,0,FALSE,FALSE,20000,20000,16000,31
HOUSTON,TX,BANK OF AMERICA NATL ASSOC,TX,84,3,1,0,0,1,0,FALSE,FALSE,20000,20000,10000,0
WORCESTER,MA,BANK OF AMERICA NATL ASSOC,MA,12,5,1,0,0,1,0,TRUE,FALSE,20000,20000,10000,54
SACRAMENTO,CA,WELLS FARGO BANK NATL ASSOC,SD,84,5,1,0,0,1,0,TRUE,FALSE,20000,20000,10000,54
FLATWOODS,KY,FIRST & PEOPLES BK & TR CO,KY,120,1,2,0,0,1,0,FALSE,TRUE,20000,20000,16000,44
OMAHA,NE,FIRST NATIONAL BANK OF OMAHA,NE,60,3,2,0,0,1,0,FALSE,TRUE,20000,20000,16000,81
BAPTIST VALLEY,VA,BRANCH BK. & TR CO,VA,84,2,2,0,0,1,0,FALSE,TRUE,20000,20000,16000,51
BERNARDSTON,MA,GREENFIELD SAVINGS BANK,MA,60,19,1,0,0,1,0,FALSE,TRUE,20000,20000,16000,0
HIGHLAND PARK,IL,BBCN BANK,IL,60,3,2,0,0,1,0,FALSE,TRUE,20000,20000,16000,81
TEMPE,AZ,BMO HARRIS BK NATL ASSOC,IL,60,11,2,1,11,1,1,FALSE,FALSE,20000,20000,10000,62
TORRANCE,CA,OPUS BANK,CA,84,4,1,0,0,1,0,FALSE,TRUE,20000,20000,16000,0
EDDYVILLE,KY,BRANCH BK. & TR CO,KY,96,1,1,0,0,1,0,FALSE,TRUE,20000,20000,16000,0
CARRBOW,NC,SUNTRUST BANK,GA,36,1,2,0,0,1,0,FALSE,TRUE,20000,20000,16000,0
BOISE (CORPORATE NAME BOISE CI,ID,MOUNTAIN W. BANK A DIVISION OF,ID,84,5,1,0,5,77174,1,TRUE,FALSE,20000,20000,10000,81
OZARK,AL,BBCN BANK,CA,23,3,1,2,3,1,2,FALSE,FALSE,20000,20000,17000,44
BAYPORT,NY,"CITIBANK, N.A.",NY,60,4,1,0,4,55815,1,FALSE,FALSE,20000,20000,10000,81
TIVOLI,NY,MANUFACTURERS & TRADERS TR CO,NY,62,2,2,0,0,1,0,FALSE,TRUE,20000,20000,16000,0
KINGS PARK,NY,"CITIBANK, N.A.",NY,60,1,2,0,0,1,0,FALSE,TRUE,20000,20000,16000,81
HOLBROOK,NY,BANK OF AMERICA NATL ASSOC,NY,62,18,1,0,0,1,0,FALSE,TRUE,20000,20000,16000,62
LAKELAND,FL,BRANCH BK. & TR CO,FL,60,1,1,0,0,1,0,FALSE,TRUE,20000,20000,16000,0
HIAWASSEE,GA,COMMUNITY & SOUTHERN BANK,GA,84,1,2,0,0,59450,0,FALSE,TRUE,20000,20000,16000,0
LAS VEGAS,NV,BANK OF THE WEST,CA,72,4,2,0,0,1,0,FALSE,TRUE,20000,20000,16000,23
SWAINTON,NJ,BANK OF AMERICA NATL ASSOC,NY,60,11,1,0,0,1,0,FALSE,TRUE,20000,20000,16000,42
CHICAGO,IL,BBCN BANK,CA,58,5,1,2,5,1,1,FALSE,FALSE,20000,20000,17000,51
LEXINGTON,SC,BBCN BANK,CA,84,4,1,2,4,1,1,FALSE,FALSE,20000,20000,17000,54
JOPLIN,MO,SOUTHWEST MISSOURI BANK,MO,24,3,1,0,3,1,1,FALSE,FALSE,20000,20000,10000,33
BOCA RATON,FL,SUNTRUST BANK,GA,48,4,1,0,0,1,0,FALSE,TRUE,20000,20000,16000,0
GRAND FORKS,ND,BREMER BANK NATL ASSOC,ND,108,2,1,0,2,1,1,FALSE,FALSE,20000,20000,10000,54
LAKE WORTH,FL,WELLS FARGO BANK NATL ASSOC,SD,84,2,2,0,0,1,0,FALSE,TRUE,20000,20000,16000,0
WICHITA,KS,INTRUST BANK NATL ASSOC,KS,9,36,2,0,0,1,0,FALSE,TRUE,20000,20000,16000,0
ROSWELL,NM,WASHINGTON FEDERAL NATL ASSOC,NM,60,2,2,0,0,1,0,FALSE,TRUE,20000,20000,16000,0
MILFORD,CT,JPMORGAN CHASE BANK NATL ASSOC,IL,60,3,1,0,0,1,0,FALSE,FALSE,20000,20000,10000,0
ARCATA,CA,UMPQUA BANK,CA,60,4,1,0,0,1,0,FALSE,TRUE,20000,20000,16000,45
LEEDS,ND,FIRST STATE BANK OF CANDO,ND,240,1,1,0,1,1,2,FALSE,FALSE,20000,20000,10000,45
NEW YORK,NY,JPMORGAN CHASE BANK NATL ASSOC,IL,60,3,1,0,0,1,0,FALSE,FALSE,20000,35000,17500,72
SEASIDE,OR,WELLS FARGO BANK NATL ASSOC,SD,60,5,1,0,0,1,0,TRUE,FALSE,20000,20000,10000,45
MANCHESTER,ME,THE BANK OF MAINE,ME,60,2,2,0,0,1,0,FALSE,TRUE,20000,20000,16000,42
KNIGHTDALE,NC,SUNTRUST BANK,GA,60,1,1,0,0,1,0,FALSE,TRUE,20000,20000,16000,62
WARWICK,RI,BANK RHODE ISLAND,RI,24,4,1,0,0,1,0,FALSE,TRUE,20000,20000,16000,23
WORCESTER,MA,BAY STATE SAVINGS BANK,MA,60,5,2,0,0,1,0,FALSE,TRUE,20000,20000,16000,0
MARSHFIELD,MO,METROPOLITAN NATIONAL BANK,MO,48,8,2,0,0,1,0,FALSE,TRUE,20000,20000,16000,0
BROOKLYN,NY,JPMORGAN CHASE BANK NATL ASSOC,IL,24,1,1,0,0,1,0,FALSE,FALSE,20000,20000,10000,72
DES MOINES,IA,WEST BANK,IA,36,3,2,0,0,1,0,FALSE,TRUE,20000,20000,16000,44
GREENSBURG,PA,COMMERCIAL BANK & TRUST OF PA,PA,60,2,1,0,0,1,0,FALSE,TRUE,20000,20000,16000,0
NAPA,CA,WELLS FARGO BANK NATL ASSOC,SD,84,1,1,0,0,1,0,FALSE,FALSE,20000,20000,10000,0
CHICAGO,IL,BBCN BANK,IL,60,2,2,0,0,1,0,FALSE,TRUE,20000,20000,16000,45
PATASKALA,OH,JPMORGAN CHASE BANK NATL ASSOC,IL,60,2,1,0,0,1,0,TRUE,FALSE,20000,20000,10000,23
SAINT PAUL,MN,ANCHOR BANK NATL ASSOC,MN,36,1,1,0,0,1,0,FALSE,TRUE,20000,20000,16000,45
MALVERN,AR,THE MALVERN NATIONAL BANK,AR,60,1,2,0,0,1,0,FALSE,TRUE,20000,20000,16000,0
FARGO,ND,BELL STATE BANK & TRUST,ND,60,1,2,0,0,1,0,FALSE,TRUE,20000,20000,16000,56
NEW CUMBERLAND,PA,"PNC BANK, NATIONAL ASSOCIATION",DE,24,10,2,0,10,1,2,TRUE,FALSE,20000,20000,10000,72
BATH,NY,FIVE STAR BANK,NY,36,2,2,0,0,1,0,FALSE,TRUE,20000,20000,16000,0
STURGIS,SD,FIRST NATIONAL BANK,SD,84,2,2,0,0,1,0,FALSE,TRUE,20000,20000,16000,0
NISKAYUNA,NY,KEYBANK NATIONAL ASSOCIATION,NY,60,10,1,0,0,1,0,TRUE,FALSE,20000,20000,10000,0
EYOTA,MN,EASTWOOD BANK,MN,71,2,1,0,0,1,0,FALSE,TRUE,20000,20000,16000,62
FT. DODGE,IA,WELLS FARGO BANK NATL ASSOC,IA,72,1,2,0,0,1,0,FALSE,TRUE,20000,20000,16000,62
NORCROSS,GA,BRANCH BK. & TR CO,GA,78,3,2,0,0,1,0,FALSE,TRUE,20000,20000,16000,0
NORTH BRANFORD,CT,BANK OF AMERICA NATL ASSOC,CT,60,33,1,0,0,52300,0,FALSE,TRUE,20000,20000,16000,0
HILLIARD,OH,KEYBANK NATIONAL ASSOCIATION,OH,12,2,1,0,0,1,0,FALSE,FALSE,20000,20000,10000,0
SALINAS,CA,MUFG UNION BANK NATL ASSOC,CA,60,1,1,0,0,1,0,FALSE,TRUE,20000,20000,16000,81
MARION,IA,WELLS FARGO BANK NATL ASSOC,SD,72,1,2,0,0,1,0,FALSE,TRUE,20000,20000,16000,0
WATERTOWN,NY,HSBC BK USA NATL ASSOC,NY,60,2,2,0,0,1,0,FALSE,TRUE,20000,20000,16000,0
HOFFMAN,MN,STAR BANK,MN,60,4,1,0,0,1,0,FALSE,TRUE,20000,20000,16000,0
ROCHESTER,NH,BANK OF AMERICA NATL ASSOC,CT,60,10,2,0,0,1,0,FALSE,TRUE,20000,20000,16000,0
FARGO,ND,BANK OF THE WEST,ND,84,2,1,0,0,1,0,FALSE,TRUE,20000,20000,16000,44
WELLESLEY,MA,SANTANDER BANK NATL ASSOC,MA,60,1,1,0,0,1,0,FALSE,TRUE,20000,20000,16000,45
SPRINGFIELD,MO,U.S. BANK NATIONAL ASSOCIATION,OH,60,2,2,0,0,1,0,FALSE,TRUE,20000,20000,16000,54
NORTH PORT,NY,JPMORGAN CHASE BANK NATL ASSOC,IL,48,1,1,0,0,1,0,FALSE,FALSE,20000,20000,10000,0
CARY,NC,"PNC BANK, NATIONAL ASSOCIATION",DE,30,4,1,0,0,60525,0,FALSE,FALSE,20000,20000,16000,0
NEW YORK,NY,BANCO POPULAR DE PUERTO RICO,PR,81,4,1,0,0,1,0,FALSE,FALSE,20000,20000,15000,0
GAINESVILLE,FL,COMPASS BANK,FL,60,2,2,0,0,1,0,FALSE,TRUE,20000,20000,16000,0
ROSEVILLE,MN,ASSOCIATED BANK NATL ASSOC,MN,57,9,2,0,0,1,0,FALSE,FALSE,20000,20000,16000,0
WICHITA,KS,INTRUST BANK NATL ASSOC,KS,48,6,2,0,0,1,0,FALSE,TRUE,20000,20000,16000,0
KETCHIKAN,AK,FIRST BANK,AK,60,4,1,0,0,1,0,FALSE,TRUE,20000,20000,16000,72
GREAT BARRINGTON,MA,"TD BANK, NATIONAL ASSOCIATION",MA,12,3,1,0,0,1,0,TRUE,FALSE,20000,20000,10000,54
SALT LAKE,UT,JPMORGAN CHASE BANK NATL ASSOC,IL,60,2,1,0,0,1,0,FALSE,FALSE,20000,20000,10000,0
IDAHO FALLS,ID,BANK OF IDAHO,ID,72,3,1,0,0,1,0,FALSE,TRUE,20000,20000,16000,31
BULVERDE,TX,WELLS FARGO BANK NATL ASSOC,TX,36,15,1,0,0,1,0,FALSE,TRUE,20000,20000,16000,0
ESPANOLA,MN,WELLS FARGO BANK NATL ASSOC,SD,60,2,1,0,0,1,0,TRUE,FALSE,20000,20000,10000,0
SAINT PAUL,MN,ASSOCIATED BANK NATL ASSOC,WI,60,3,2,0,0,1,0,FALSE,TRUE,20000,20000,16000,0
WINDHAM,ME,KEYBANK NATIONAL ASSOCIATION,OH,60,1,1,0,0,1,0,FALSE,FALSE,20000,20000,10000,42
PALM BAY,FL,BANK OF AMERICA NATL ASSOC,FL,60,3,1,0,0,1,0,FALSE,FALSE,20000,20000,10000,0
KEASBEY,NJ,"PNC BANK, NATIONAL ASSOCIATION",PA,60,1,1,0,0,1,0,FALSE,FALSE,20000,20000,10000,0
NORCROSS,GA,BANK OF AMERICA NATL ASSOC,MD,36,32,1,0,0,78760,0,FALSE,FALSE,20000,20000,10000,0
LEAVENWORTH,WA,WASHINGTON TRUST BANK,WA,84,4,1,0,0,1,0,FALSE,TRUE,20000,20000,16000,0
SPRINGFIELD,IL,U.S. BANK NATIONAL ASSOCIATION,IL,84,2,2,0,0,1,0,FALSE,TRUE,20000,20000,16000,44
ORCHARD PARK,NY,BANK OF AMERICA NATL ASSOC,NY,60,2,2,0,0,1,0,FALSE,TRUE,20000,20000,16000,62
LUFKIN,TX,WELLS FARGO BANK NATL ASSOC,SD,14,4,1,0,0,1,0,TRUE,FALSE,20000,20000,10000,0
EL CAJON,CA,BANK OF AMERICA CALIFORNIA N.A,CA,84,15,1,0,0,1,0,FALSE,FALSE,20000,20000,15000,0
CRANSTON,RI,ADMIRALS BANK,MA,48,10,1,0,0,1,0,FALSE,TRUE,20000,20000,16000,23
NASHVILLE,TN,SUNTRUST BANK,GA,60,9,1,0,0,1,0,FALSE,TRUE,20000,20000,16000,0
TRAER,IA,FARMERS STATE BANK,IA,60,10,1,0,0,1,0,FALSE,FALSE,20000,20000,15000,0
TROTWOOD,OH,JPMORGAN CHASE BANK NATL ASSOC,IL,84,9,1,0,0,1,0,TRUE,FALSE,20000,20000,10000,0
CARROLLTON,TX,WELLS FARGO BANK NATL ASSOC,SD,60,2,1,0,0,1,0,TRUE,FALSE,20000,20000,10000,45
OCEANSIDE,CA,WELLS FARGO BANK NATL ASSOC,SD,60,6,1,0,0,1,0,TRUE,FALSE,20000,20000,10000,0
LAS VEGAS,NM,WELLS FARGO BANK NATL ASSOC,NM,60,2,1,0,0,1,0,FALSE,TRUE,20000,20000,16000,54
LAKE CITY,FL,"TD BANK, NATIONAL ASSOCIATION",FL,84,2,2,0,0,1,0,FALSE,TRUE,20000,20000,16000,0
NEWTON,IA,GREAT SOUTHERN BANK,IA,84,3,1,0,0,1,0,FALSE,TRUE,20000,20000,16000,0
COLUMBUS,OH,U.S. BANK NATIONAL ASSOCIATION,OH,60,2,1,0,0,1,0,FALSE,TRUE,20000,20000,16000,0
DEARBORN,MI,CITIZENS BANK NATL ASSOC,RI,41,3,1,0,3,0,1,FALSE,FALSE,20001,25000,12500,48
PINE BROOK,NJ,JPMORGAN CHASE BANK NATL ASSOC,IL,36,1,1,0,0,1,0,TRUE,FALSE,20001,10000,5000,0
NEW YORK,NY,BNB HANA BANK NATL ASSOC,NJ,84,10,1,10,10,1,1,TRUE,FALSE,20001,10000,5000,44
WARREN,OH,THE HUNTINGTON NATIONAL BANK,OH,84,1,1,1,1,1,1,TRUE,FALSE,20001,20000,10000,0
NEPTUNE,NJ,JPMORGAN CHASE BANK NATL ASSOC,IL,84,0,2,16,16,0,1,TRUE,FALSE,20001,20000,10000,56
TIGARD,OR,BANK OF AMERICA NATL ASSOC,NC,84,1,1,1,1,1,1,TRUE,FALSE,20001,20000,10000,81
FAIRFIELD,CT,"TD BANK, NATIONAL ASSOCIATION",NJ,18,12,1,0,12,1,1,TRUE,FALSE,20001,15000,7500,72
COLORADO SPRINGS,CO,WELLS FARGO BANK NATL ASSOC,CA,36,2,1,0,2,1,1,TRUE,FALSE,20001,20000,10000,81
ST LOUIS,MO,BANK OF AMERICA NATL ASSOC,NC,60,70,1,0,0,1,0,FALSE,TRUE,20001,90000,81000,0
Louisville,KY,"PNC BANK, NATIONAL ASSOCIATION",DE,19,1,1,0,1,0,1,TRUE,FALSE,20002,10000,5000,54
WHITE BLUFF,TN,U.S. BANK NATIONAL ASSOCIATION,OH,63,7,1,0,7,1,1,TRUE,FALSE,20002,20000,10000,56
RAMONA,CA,MUFG UNION BANK NATL ASSOC,CA,84,2,2,0,0,1,2,TRUE,FALSE,20002,10000,5000,48
FAIRFIELD,IA,LIBERTYVILLE SAVINGS BANK,IA,84,1,2,0,0,1,0,FALSE,TRUE,20003,23500,18800,0
BEDFORD,PA,FIRST COMMONWEALTH BANK,PA,24,3,1,0,3,1,2,TRUE,FALSE,20003,20000,10000,44
WALNUT,CA,WELLS FARGO BANK NATL ASSOC,SD,78,5,1,3,5,1,1,TRUE,FALSE,20003,20000,10000,33
ELBERTA,AL,UNITED BANK,AL,12,1,2,4,1,1,2,TRUE,FALSE,20003,20000,10000,56
SAINT PETERSBURG,FL,BANK OF AMERICA NATL ASSOC,NC,84,2,1,0,2,0,1,TRUE,FALSE,20004,10000,5000,54
Tallmadge,OH,"PNC BANK, NATIONAL ASSOCIATION",DE,31,2,2,2,1,0,1,TRUE,FALSE,20004,10500,5250,44
NEW PORT RICHEY,FL,BANK OF AMERICA NATL ASSOC,NC,21,1,1,0,1,0,2,TRUE,FALSE,20005,7000,3500,72
SAN DIEGO,CA,U.S. BANK NATIONAL ASSOCIATION,OH,84,1,1,1,2,0,1,TRUE,FALSE,20005,10000,5000,62
BRISTOL,RI,CITIZENS BANK NATL ASSOC,RI,84,1,1,0,1,1,2,TRUE,FALSE,20005,10000,5000,52
FULTON,NY,"NBT BANK, NATIONAL ASSOCIATION",NY,84,3,1,2,1,1,2,TRUE,FALSE,20006,20000,10000,42
HENDERSON,NV,U.S. BANK NATIONAL ASSOCIATION,OH,84,3,1,0,3,0,1,TRUE,FALSE,20006,10000,5000,53
ANTELOPE,CA,BANK OF AMERICA NATL ASSOC,NC,35,15,1,3,15,1,1,TRUE,FALSE,20006,20000,10000,32
LITTLE ROCK,AR,SIMMONS FIRST NATIONAL BANK,AR,60,2,1,0,2,1,1,TRUE,FALSE,20006,20000,10000,44
TOLEDO,OH,CITIZENS BANK NATL ASSOC,RI,26,2,2,2,4,1,1,TRUE,FALSE,20007,20000,17000,44
GAINESVILLE,FL,BANK OF AMERICA NATL ASSOC,NC,84,2,2,2,2,0,1,TRUE,FALSE,20007,10000,5000,56
AZUSA,CA,BANK OF AMERICA CALIFORNIA N.A,CA,84,6,1,0,0,1,0,TRUE,FALSE,20007,20000,10000,81
SAN ANTONIO,TX,BANK OF AMERICA NATL ASSOC,NC,84,4,1,0,0,1,1,TRUE,FALSE,20008,20000,10000,44
SEATTLE,WA,U.S. BANK NATIONAL ASSOCIATION,OH,84,5,1,0,5,1,1,TRUE,FALSE,20008,10000,5000,72
SANDY,UT,MOUNTAIN AMERICA FCU,UT,84,2,2,8,2,1,1,TRUE,FALSE,20008,20000,10000,31
PHILADELPHIA,PA,BNB HANA BANK NATL ASSOC,NJ,84,2,1,0,2,1,1,TRUE,FALSE,20009,20000,10000,44
SUNRISE,FL,BANK OF AMERICA NATL ASSOC,NC,47,1,1,0,1,1,1,TRUE,FALSE,20010,10000,5000,23
WAUKEGAN,IL,JPMORGAN CHASE BANK NATL ASSOC,IL,72,4,1,0,4,1,2,TRUE,FALSE,20010,15000,7500,72
PORT ANGELES,WA,BANK OF AMERICA NATL ASSOC,NC,35,1,1,0,1,0,1,TRUE,FALSE,20010,10000,5000,48
LOUISVILLE,KY,"PNC BANK, NATIONAL ASSOCIATION",PA,60,5,2,0,0,1,0,TRUE,FALSE,20010,20000,10000,0
SALT LAKE CITY,UT,MOUNTAIN AMERICA FCU,UT,84,12,1,3,15,0,1,TRUE,FALSE,20010,10000,5000,23
DILLSBURG,PA,CITIZENS BANK NATL ASSOC,RI,84,1,1,2,3,1,2,TRUE,FALSE,20010,5000,2500,54
BISHOP,CA,WELLS FARGO BANK NATL ASSOC,CA,36,5,1,0,5,1,2,TRUE,FALSE,20010,20000,10000,54
SCOTTSDALE,AZ,WELLS FARGO BANK NATL ASSOC,SD,81,2,1,0,2,1,1,TRUE,FALSE,20010,20000,10000,42
ALPHARETTA,GA,WELLS FARGO BANK NATL ASSOC,SD,84,2,1,2,4,0,1,TRUE,FALSE,20011,20000,10000,54
SALEM,NH,CITIZENS BANK NATL ASSOC,MA,84,2,1,2,4,1,1,TRUE,FALSE,20011,5000,2500,54
MISSOURI CITY,TX,COMPASS BANK,AL,16,1,1,1,1,1,1,TRUE,FALSE,20012,10000,5000,23
RENO,NV,U.S. BANK NATIONAL ASSOCIATION,OH,58,3,1,0,3,0,1,TRUE,FALSE,20012,10000,5000,81
WORCESTER,MA,"FLAGSHIP BANK, A DIVISION OF",MA,12,6,1,1,6,1,1,TRUE,FALSE,20013,20000,10000,44
NEW YORK,NY,BANCO POPULAR NORTH AMERICA,NY,46,17,1,6,17,1,1,TRUE,FALSE,20013,20000,10000,51
PATCHOGUE,NY,BANCO POPULAR NORTH AMERICA,NY,24,2,2,0,2,1,1,TRUE,FALSE,20013,20000,10000,81
BLANDING,UT,U.S. BANK NATIONAL ASSOCIATION,OH,84,1,1,0,1,1,2,TRUE,FALSE,20013,18000,9000,48
OCEANSIDE,CA,MUFG UNION BANK NATL ASSOC,CA,65,11,2,0,0,1,1,TRUE,FALSE,20013,10000,5000,72
Willowick,OH,KEYBANK NATIONAL ASSOCIATION,OH,72,2,2,0,2,0,1,TRUE,FALSE,20014,10000,5000,71
BAYTOWN,TX,BANK OF AMERICA NATL ASSOC,NC,84,4,1,1,4,1,1,TRUE,FALSE,20014,20000,10000,44
GUNNISON,CO,WELLS FARGO BANK NATL ASSOC,CA,83,12,1,15,12,24850,2,TRUE,FALSE,20014,20000,10000,72
BOSTON,MA,BANK OF AMERICA NATL ASSOC,MA,99,1,2,0,0,1,0,FALSE,TRUE,20015,50000,45000,0
OCEAN SHORES,WA,U.S. BANK NATIONAL ASSOCIATION,OH,40,2,1,0,2,0,1,TRUE,FALSE,20016,10000,5000,23
ATLANTA,GA,BANK OF AMERICA NATL ASSOC,NC,84,3,1,0,3,0,1,TRUE,FALSE,20016,5000,2500,56
HIXSON,TN,BANK OF AMERICA NATL ASSOC,NC,27,1,1,0,1,0,1,TRUE,FALSE,20017,10000,5000,45
HUNTLEY,IL,CITIZENS BANK NATL ASSOC,RI,50,2,1,2,4,0,1,TRUE,FALSE,20017,10000,5000,44
ORANGE PARK,FL,BANK OF AMERICA NATL ASSOC,NC,84,3,2,0,0,1,1,TRUE,FALSE,20018,10000,5000,42
BROOKLYN,NY,JPMORGAN CHASE BANK NATL ASSOC,IL,84,1,1,2,2,1,1,TRUE,FALSE,20018,20000,10000,54
GROVER,MO,FIRST BANK,MO,60,3,2,0,0,1,0,FALSE,TRUE,20018,25000,22500,0
HIGH POINT,NC,BRANCH BK. & TR CO,NC,60,7,1,0,0,1,0,FALSE,FALSE,20018,25000,20000,0
MAPLE VALLEY,WA,U.S. BANK NATIONAL ASSOCIATION,OH,26,1,2,1,2,0,1,TRUE,FALSE,20019,10000,5000,56
VALLEY CENTER,CA,MUFG UNION BANK NATL ASSOC,CA,84,1,2,0,1,1,2,TRUE,FALSE,20019,15000,7500,32
CHALFONT,PA,CITIZENS BANK NATL ASSOC,RI,19,3,1,5,8,1,2,TRUE,FALSE,20020,20000,10000,52
NEW YORK,NY,JPMORGAN CHASE BANK NATL ASSOC,IL,73,2,1,0,2,1,1,TRUE,FALSE,20020,20000,10000,45
RIALTO,CA,JPMORGAN CHASE BANK NATL ASSOC,IL,59,1,1,2,1,1,2,TRUE,FALSE,20021,20000,10000,48
West Chester,OH,"PNC BANK, NATIONAL ASSOCIATION",OH,60,4,2,4,0,0,2,TRUE,FALSE,20021,20000,10000,23
BRONX,NY,JPMORGAN CHASE BANK NATL ASSOC,NV,84,5,1,3,5,1,2,TRUE,FALSE,20021,10000,5000,45
WICHITA,KS,COMMERCE BANK,MO,96,7,1,0,7,1,1,TRUE,FALSE,20021,10000,5000,81
DESERT HOT SPRINGS,CA,BANK OF AMERICA NATL ASSOC,NC,84,2,1,0,0,1,1,TRUE,FALSE,20023,20000,10000,81
BIRDSBORO,PA,CITIZENS BANK NATL ASSOC,RI,84,1,1,0,1,1,2,TRUE,FALSE,20023,10000,5000,54
UPPER MARLBORO,MD,BANK OF AMERICA NATL ASSOC,NC,58,2,1,0,2,0,1,FALSE,FALSE,20023,20000,10000,48
Orwigsburg,PA,FIRST NATL BK OF PENNSYLVANIA,PA,36,2,1,0,2,0,2,TRUE,FALSE,20024,15000,7500,62
DAVENPORT,WA,U.S. BANK NATIONAL ASSOCIATION,OH,84,2,2,0,2,0,2,TRUE,FALSE,20024,20000,10000,23
St. Louis,MO,COMMERCE BANK,MO,84,1,2,0,1,0,1,TRUE,FALSE,20025,20000,10000,62
WEIDMAN,MI,"PNC BANK, NATIONAL ASSOCIATION",IL,60,1,1,0,1,1,2,TRUE,FALSE,20025,20000,10000,23
KENSINGTON,MN,BLACKRIDGEBANK,MN,73,1,1,0,1,0,2,FALSE,FALSE,20026,20026,20026,23
NORFOLK,VA,WELLS FARGO BANK NATL ASSOC,SD,84,6,1,0,0,1,0,TRUE,FALSE,20026,20000,10000,0
POLSON,MT,GLACIER BANK,MT,24,5,2,0,5,0,2,TRUE,FALSE,20027,20000,10000,23
FORT WAYNE,IN,WELLS FARGO BANK NATL ASSOC,WY,82,3,1,1,3,1,1,TRUE,FALSE,20027,20000,10000,62
PENSACOLA,FL,BANK OF AMERICA NATL ASSOC,NC,84,1,2,0,1,0,1,TRUE,FALSE,20028,10000,5000,71
MIAMI,FL,BANK OF AMERICA NATL ASSOC,NC,84,1,2,0,1,0,1,TRUE,FALSE,20028,7000,3500,81
STUART,FL,BANK OF AMERICA NATL ASSOC,NC,84,1,1,0,1,1,1,TRUE,FALSE,20028,15000,7500,61
CLARKSVILLE,TN,U.S. BANK NATIONAL ASSOCIATION,OH,84,2,1,0,2,1,1,TRUE,FALSE,20028,10000,5000,54
DICKSON,TN,U.S. BANK NATIONAL ASSOCIATION,OH,84,13,1,0,13,0,1,TRUE,FALSE,20029,20000,10000,53
MURRIETA,CA,MUFG UNION BANK NATL ASSOC,CA,73,1,2,0,1,1,1,TRUE,FALSE,20029,10000,5000,32
FARGO,ND,UNION STATE BANK OF FARGO,ND,60,5,2,0,5,1,2,TRUE,FALSE,20029,10000,5000,71
CHESTER,VA,CITIZENS AND FARMERS BANK,VA,27,4,1,0,4,64853,1,TRUE,FALSE,20029,20000,10000,32
DOWNINGTOWN,PA,BANCO POPULAR NORTH AMERICA,NY,84,8,1,0,8,1,1,TRUE,FALSE,20029,20000,10000,72
BOONVILLE,IN,WELLS FARGO BANK NATL ASSOC,CA,36,1,1,0,1,1,2,TRUE,FALSE,20029,10000,5000,52
HADDONFIELD,NJ,BNB HANA BANK NATL ASSOC,NJ,84,8,1,8,8,1,1,TRUE,FALSE,20030,8000,4000,72
ST. PAUL,MN,U.S. BANK NATIONAL ASSOCIATION,OH,84,1,1,0,1,1,1,TRUE,FALSE,20031,10000,5000,44
WORCESTER,MA,CITIZENS BANK NATL ASSOC,RI,38,172,1,0,172,1,1,TRUE,FALSE,20032,5000,2500,54
KENT,WA,BANK OF AMERICA NATL ASSOC,NC,26,2,1,0,2,1,1,TRUE,FALSE,20032,15000,7500,54
EL PASO,TX,WELLS FARGO BANK NATL ASSOC,NM,3,20,1,0,0,1,0,TRUE,FALSE,20032,150000,112500,0
TUCSON,AZ,WELLS FARGO BANK NATL ASSOC,SD,84,7,1,0,7,0,1,TRUE,FALSE,20033,15000,7500,62
KISSIMMEE,FL,JPMORGAN CHASE BANK NATL ASSOC,IL,63,1,2,1,1,0,1,TRUE,FALSE,20033,20000,10000,56
Homewood,IL,"PNC BANK, NATIONAL ASSOCIATION",DE,44,4,1,1,4,0,1,TRUE,FALSE,20034,20000,10000,54
PORT ORCHARD,WA,U.S. BANK NATIONAL ASSOCIATION,OH,14,1,1,0,1,1,1,TRUE,FALSE,20034,10000,5000,23
FILLMORE,UT,ZIONS FIRST NATIONAL BANK,UT,84,2,1,0,2,0,2,TRUE,FALSE,20035,15000,7500,48
THE PLAINS,VA,MANUFACTURERS & TRADERS TR CO,MD,48,3,1,0,3,1,0,TRUE,FALSE,20035,20000,10000,42
FEASTERVILLE,PA,CITIZENS BANK NATL ASSOC,RI,38,6,1,0,6,1,1,TRUE,FALSE,20035,5000,2500,51
MEDIA,PA,BANK OF AMERICA NATL ASSOC,NC,84,1,1,0,1,0,1,TRUE,FALSE,20036,10000,5000,72
SAINT CHARLES,MO,U.S. BANK NATIONAL ASSOCIATION,OH,23,4,1,0,4,0,1,FALSE,FALSE,20037,15000,7500,62
MIAMI,FL,BANK OF AMERICA NATL ASSOC,NC,84,4,1,0,4,1,1,TRUE,FALSE,20037,20000,10000,71
ROCHESTER,NY,CITIZENS BANK NATL ASSOC,RI,49,2,1,0,2,1,1,FALSE,FALSE,20039,25000,12500,56
JAMESBURG,NJ,SANTANDER BANK NATL ASSOC,DE,36,2,1,0,2,1,1,TRUE,FALSE,20039,15000,7500,23
NORTH HOLLYWOOD,CA,BANK OF AMERICA CALIFORNIA N.A,CA,60,1,1,0,1,1,0,TRUE,FALSE,20040,20000,10000,0
BURNSVILLE,MN,WELLS FARGO BANK NATL ASSOC,SD,84,8,2,0,8,0,1,TRUE,FALSE,20041,10000,5000,42
FREDERICKSBURG,VA,MANUFACTURERS & TRADERS TR CO,NY,84,24,1,0,0,1,1,FALSE,TRUE,20041,145000,123250,48
SEGUIN,TX,WELLS FARGO BANK NATL ASSOC,SD,84,3,2,0,3,1,2,FALSE,FALSE,20041,38000,32300,54
LAS VEGAS,NV,WELLS FARGO BANK NATL ASSOC,CA,36,2,1,0,2,1,1,TRUE,FALSE,20041,20000,10000,71
SAN ANTONIO,TX,BANK OF AMERICA NATL ASSOC,NC,84,5,2,0,0,1,1,TRUE,FALSE,20042,10000,5000,44
OREM,UT,ZIONS FIRST NATIONAL BANK,UT,33,10,1,0,0,0,1,TRUE,FALSE,20042,20000,10000,42
WHEATON,IL,JPMORGAN CHASE BANK NATL ASSOC,IL,84,2,1,0,2,0,1,TRUE,FALSE,20042,10000,5000,44
GENEVA,OH,JPMORGAN CHASE BANK NATL ASSOC,IL,41,1,2,0,0,75900,0,FALSE,FALSE,20043,20043,10021,42
CORONA,CA,BANK OF AMERICA CALIFORNIA N.A,CA,4,2,1,0,0,1,0,FALSE,FALSE,20043,20000,10000,44
LOUISVILLE,CO,WELLS FARGO BANK NATL ASSOC,SD,84,4,1,0,4,1,1,TRUE,FALSE,20043,20000,10000,72
PRAIRIE VILLAGE,KS,VALLEY VIEW STATE BANK,KS,84,8,2,0,0,1,1,FALSE,TRUE,20043,25000,20000,0
LAS VEGAS,NV,U.S. BANK NATIONAL ASSOCIATION,OH,84,1,1,1,2,0,1,TRUE,FALSE,20044,15000,7500,54
AMERICAN FORK,UT,ZIONS FIRST NATIONAL BANK,UT,9,4,2,4,8,37481,1,TRUE,FALSE,20045,20000,10000,0
KILL DEVIL HILLS,NC,"PNC BANK, NATIONAL ASSOCIATION",DE,60,18,1,0,0,1,0,FALSE,FALSE,20045,20045,18041,0
BETHEL,ME,NORTHEAST BANK,ME,60,1,1,0,0,1,0,FALSE,TRUE,20045,20045,18041,54
MCKEESPORT,PA,"PNC BANK, NATIONAL ASSOCIATION",DE,60,1,2,0,1,1,1,TRUE,FALSE,20047,20000,10000,62
WASHINGTON,UT,AMERICA FIRST FCU,UT,84,2,2,0,2,0,1,TRUE,FALSE,20048,20000,10000,61
MONTICELLO,IN,CITIZENS BANK NATL ASSOC,RI,84,15,1,0,15,0,1,TRUE,FALSE,20049,20000,10000,44
NEW YORK,NY,"CITIBANK, N.A.",SD,47,1,1,5,1,1,1,TRUE,FALSE,20049,10000,5000,54
LONDON,OH,THE HUNTINGTON NATIONAL BANK,OH,60,1,1,1,1,1,0,TRUE,FALSE,20049,20000,10000,33
LINCOLN,MA,CITIZENS BANK NATL ASSOC,RI,84,3,1,0,3,1,1,TRUE,FALSE,20049,20000,10000,23
SAN DIEGO,CA,WELLS FARGO BANK NATL ASSOC,CA,82,15,1,0,15,1,1,TRUE,FALSE,20049,15000,7500,54
Meridian,ID,KEYBANK NATIONAL ASSOCIATION,OH,55,1,1,0,1,0,1,TRUE,FALSE,20050,10000,5000,54
ROSWELL,NM,WELLS FARGO BANK NATL ASSOC,SD,50,3,2,0,3,0,1,TRUE,FALSE,20050,10000,5000,42
LOUISVILLE,KY,BRANCH BK. & TR CO,NC,72,3,1,0,3,0,2,TRUE,FALSE,20050,20000,10000,62
ANCHORAGE,AK,WELLS FARGO BANK NATL ASSOC,SD,84,2,2,0,2,0,1,TRUE,FALSE,20050,20000,10000,44
EAST BRUNSWICK,NJ,"TD BANK, NATIONAL ASSOCIATION",DE,83,4,1,0,4,1,1,TRUE,FALSE,20050,20000,10000,44
BETHEL PARK,PA,"PNC BANK, NATIONAL ASSOCIATION",DE,10,3,1,3,2,1,1,TRUE,FALSE,20050,20000,10000,23
JACKSON,MI,CITIZENS BANK NATL ASSOC,RI,84,3,1,0,3,0,1,TRUE,FALSE,20051,5000,2500,45
LOUISVILLE,KY,U.S. BANK NATIONAL ASSOCIATION,OH,84,4,1,0,4,0,1,TRUE,FALSE,20052,20000,10000,23
ORANGE,CA,JPMORGAN CHASE BANK NATL ASSOC,IL,84,1,1,0,1,0,1,TRUE,FALSE,20052,20000,10000,44
DOWNERS GROVE,IL,JPMORGAN CHASE BANK NATL ASSOC,IL,84,1,1,0,1,0,1,TRUE,FALSE,20053,15000,7500,42
REDDING,CA,BANK OF AMERICA NATL ASSOC,NC,84,1,1,0,1,1,1,TRUE,FALSE,20053,20000,10000,44
VISTA,CA,WELLS FARGO BANK NATL ASSOC,SD,60,1,1,0,1,1,1,TRUE,FALSE,20053,35000,17500,56
NEEDHAM,MA,CITIZENS BANK NATL ASSOC,RI,84,1,1,1,2,0,1,FALSE,FALSE,20054,30000,15000,81
HOUSTON,TX,BANCO POPULAR NORTH AMERICA,NY,31,2,1,0,0,1,1,TRUE,FALSE,20054,10000,5000,53
MADISON,WI,ASSOCIATED BANK NATL ASSOC,WI,84,2,1,0,2,0,1,TRUE,FALSE,20054,10000,5000,22
MIAMI,FL,"CITIBANK, N.A.",FL,84,4,1,0,4,1,1,TRUE,FALSE,20054,20000,10000,42
LOS ANGELES,CA,BANK OF AMERICA NATL ASSOC,NC,37,3,1,0,3,1,1,TRUE,FALSE,20055,20000,10000,44
SHELBY,OH,JPMORGAN CHASE BANK NATL ASSOC,IL,84,5,2,0,5,0,2,TRUE,FALSE,20056,10000,5000,81
NEW RICHMOND,WI,1ST NATL BK OF RIVER FALLS,WI,78,3,1,0,3,0,1,FALSE,FALSE,20058,35000,35000,23
NORTH CHELMSFORD,MA,CITIZENS BANK NATL ASSOC,RI,84,2,1,0,2,1,1,FALSE,FALSE,20060,21000,10500,81
SAN PABLO,CA,BANK OF AMERICA NATL ASSOC,NC,84,2,1,0,2,0,1,TRUE,FALSE,20060,20000,10000,45
NEWPORT,RI,CITIZENS BANK NATL ASSOC,RI,84,1,1,0,1,1,2,TRUE,FALSE,20060,5000,2500,54
HIGHLANDS RANCH,CO,WELLS FARGO BANK NATL ASSOC,SD,45,1,1,0,1,1,1,TRUE,FALSE,20060,10000,5000,52
NEW YORK,NY,BANCO POPULAR NORTH AMERICA,NY,84,1,1,0,0,1,1,TRUE,FALSE,20060,10000,5000,45
MARYSVILLE,WA,BANK OF AMERICA NATL ASSOC,NC,84,15,1,0,15,0,1,TRUE,FALSE,20061,10000,5000,72
CLINTON TOWNSHIP,MI,JPMORGAN CHASE BANK NATL ASSOC,IL,84,1,2,1,0,0,1,TRUE,FALSE,20061,15000,7500,42
INDIANAPOLIS,IN,"PNC BANK, NATIONAL ASSOCIATION",IN,60,3,1,0,3,1,1,TRUE,FALSE,20061,10000,5000,81
MARLBORO,NJ,BNB HANA BANK NATL ASSOC,NJ,84,6,2,6,6,1,1,TRUE,FALSE,20062,10000,5000,81
Dallas,OR,WEST COAST BANK,OR,60,1,1,0,1,0,2,TRUE,FALSE,20062,5000,2500,23
ARGONNE (NORTH CRANDON),WI,BMO HARRIS BK NATL ASSOC,IL,82,2,1,0,0,1,1,TRUE,FALSE,20062,5000,2500,72
HEALDSBURG,CA,JPMORGAN CHASE BANK NATL ASSOC,IL,84,2,1,0,2,1,2,TRUE,FALSE,20063,15000,7500,45
ARROYO GRANDE,CA,BANK OF AMERICA NATL ASSOC,NC,84,4,1,0,4,1,2,TRUE,FALSE,20063,20000,10000,72
ROCHESTER,PA,CITIZENS BANK NATL ASSOC,RI,48,4,1,0,4,1,1,TRUE,FALSE,20063,5000,2500,51
WORCESTER,MA,CITIZENS BANK NATL ASSOC,RI,84,5,2,2,7,1,1,FALSE,FALSE,20064,52500,26250,81
ATLANTA,GA,WELLS FARGO BANK NATL ASSOC,SD,84,1,1,2,3,0,1,TRUE,FALSE,20064,20000,10000,56
MIAMI,FL,BANK OF AMERICA NATL ASSOC,NC,39,1,2,0,1,0,1,TRUE,FALSE,20065,10000,5000,52
EAST GRANBY,CT,BANK OF AMERICA NATL ASSOC,NC,83,7,1,2,7,1,2,FALSE,FALSE,20066,25000,12500,23
EL MONTE,CA,BANK OF AMERICA CALIFORNIA N.A,CA,84,1,1,0,0,1,0,TRUE,FALSE,20067,20000,10000,81
SOMERVILLE,NJ,"PNC BANK, NATIONAL ASSOCIATION",DE,44,3,2,3,3,0,1,TRUE,FALSE,20067,10000,5000,81
ROCKLAND (TOWN OF),MA,CITIZENS BANK NATL ASSOC,RI,60,41,1,0,1,1,1,TRUE,FALSE,20067,20000,10000,81
MANCHESTER,NH,CITIZENS BANK NATL ASSOC,NH,60,1,1,0,0,1,0,TRUE,FALSE,20068,20000,10000,81
CONNELLSVILLE,PA,"PNC BANK, NATIONAL ASSOCIATION",DE,9,4,1,50,40,1,1,TRUE,FALSE,20068,10000,5000,56
LAKE MARY,FL,THE HUNTINGTON NATIONAL BANK,OH,38,2,2,1,0,1,1,TRUE,FALSE,20070,20300,10150,45
BEVERLY HILLS,CA,BANK OF AMERICA CALIFORNIA N.A,CA,84,1,1,0,0,1,0,TRUE,FALSE,20071,20000,10000,54
FOXBORO,MA,CITIZENS BANK NATL ASSOC,RI,84,1,1,0,1,1,1,TRUE,FALSE,20071,10000,5000,54
FRESNO,CA,WELLS FARGO BANK NATL ASSOC,CA,36,1,1,0,1,1,1,TRUE,FALSE,20071,10000,5000,62
FARMINGTON,MN,U.S. BANK NATIONAL ASSOCIATION,OH,84,2,1,0,2,0,1,TRUE,FALSE,20072,20000,10000,52
SANTA FE SPRINGS,CA,MUFG UNION BANK NATL ASSOC,CA,51,3,1,0,0,1,1,TRUE,FALSE,20072,10000,5000,31
NESHANNOCK,PA,CITIZENS BANK NATL ASSOC,RI,84,1,1,0,1,1,1,TRUE,FALSE,20073,5000,2500,45
PASADENA,TX,WELLS FARGO BANK NATL ASSOC,SD,84,5,1,0,5,0,1,TRUE,FALSE,20074,20000,10000,33
NEW ORLEANS,LA,JPMORGAN CHASE BANK NATL ASSOC,IL,84,2,2,0,2,0,1,TRUE,FALSE,20075,20000,10000,23
SAN DIEGO,CA,U.S. BANK NATIONAL ASSOCIATION,OH,84,1,1,0,1,0,1,TRUE,FALSE,20075,20000,10000,54
Mill Creek,WA,KEYBANK NATIONAL ASSOCIATION,OH,72,1,1,0,1,0,1,TRUE,FALSE,20075,20000,10000,23
TYLER,TX,AUSTIN BANK TEXAS NATL ASSOC,TX,60,2,2,0,0,1,0,FALSE,TRUE,20075,22000,17600,0
BIRMINGHAM,AL,BANCORPSOUTH BANK,AL,60,1,1,0,0,1,0,FALSE,FALSE,20075,20075,18068,0
Forsyth,IL,"PNC BANK, NATIONAL ASSOCIATION",DE,49,1,2,1,1,0,2,TRUE,FALSE,20076,10000,5000,44
ECKLEY,CO,JPMORGAN CHASE BANK NATL ASSOC,IL,84,2,2,2,4,0,1,TRUE,FALSE,20077,20000,10000,33
CONCORD,NH,CITIZENS BANK NATL ASSOC,RI,84,1,1,0,1,1,1,TRUE,FALSE,20077,10000,5000,53
BENSENVILLE,IL,CITIZENS BANK NATL ASSOC,RI,84,3,2,1,4,1,1,TRUE,FALSE,20078,5000,2500,42
Ketchikan,AK,KEYBANK NATIONAL ASSOCIATION,OH,20,1,1,0,1,0,1,TRUE,FALSE,20079,10000,5000,23
CORAM,NY,BANK OF AMERICA NATL ASSOC,RI,83,10,1,2,10,1,1,TRUE,FALSE,20079,15500,7750,62
YONKERS,NY,HSBC BK USA NATL ASSOC,VA,3,2,1,0,2,1,1,TRUE,FALSE,20079,20000,10000,44
BROOKLYN,NY,JPMORGAN CHASE BANK NATL ASSOC,IL,40,1,1,0,1,1,2,TRUE,FALSE,20080,10000,5000,54
MIAMI,FL,BANK OF AMERICA NATL ASSOC,NC,28,3,2,0,6,1,1,TRUE,FALSE,20082,10000,5000,72
TUCSON,AZ,BANK OF AMERICA NATL ASSOC,NC,18,1,1,0,1,0,1,TRUE,FALSE,20082,10000,5000,81
MESA,AZ,JPMORGAN CHASE BANK NATL ASSOC,IL,84,1,2,0,0,1,1,TRUE,FALSE,20083,15000,7500,45
CRESWELL,OR,JPMORGAN CHASE BANK NATL ASSOC,IL,48,2,1,0,2,1,2,TRUE,FALSE,20083,10000,5000,23
CAVE CREEK,AZ,WELLS FARGO BANK NATL ASSOC,SD,84,30,1,0,0,1,0,TRUE,FALSE,20083,25000,12500,0
WORCESTER,MA,BANK OF AMERICA NATL ASSOC,NC,84,2,1,0,2,0,1,TRUE,FALSE,20085,10000,5000,62
RACINE,WI,WELLS FARGO BANK NATL ASSOC,CA,36,1,1,0,1,1,1,TRUE,FALSE,20085,15000,7500,23
SICKLERVILLE,NJ,CITIZENS BANK NATL ASSOC,RI,49,2,1,0,2,0,1,FALSE,FALSE,20088,25000,12500,81
MOUNT VERNON,NY,JPMORGAN CHASE BANK NATL ASSOC,IL,63,4,2,3,4,0,1,TRUE,FALSE,20088,10000,5000,81
TYLER,TX,BANCO POPULAR NORTH AMERICA,NY,84,13,1,1,13,1,1,TRUE,FALSE,20088,10000,5000,81
NORTH WALES,PA,CITIZENS BANK NATL ASSOC,RI,84,6,2,0,6,1,1,FALSE,FALSE,20089,50000,25000,81
BIRNAMWOOD,WI,JPMORGAN CHASE BANK NATL ASSOC,IL,79,3,1,1,3,0,1,TRUE,FALSE,20089,20000,10000,72
CHICAGO,IL,U.S. BANK NATIONAL ASSOCIATION,OH,84,1,1,0,0,0,1,TRUE,FALSE,20089,10000,5000,54
WAYCROSS,GA,BANK OF AMERICA NATL ASSOC,NC,84,2,2,1,3,0,1,TRUE,FALSE,20090,10000,5000,44
WATKINS,CO,U.S. BANK NATIONAL ASSOCIATION,OH,84,1,2,0,1,0,1,TRUE,FALSE,20090,12000,6000,54
MASSILLON,OH,CITIZENS BANK NATL ASSOC,RI,84,4,1,0,4,0,1,TRUE,FALSE,20090,20000,10000,62
SAN FRANCISCO,CA,BANK OF AMERICA NATL ASSOC,NC,84,2,1,0,2,0,1,TRUE,FALSE,20091,20000,10000,33
CHASKA,MN,WELLS FARGO BANK NATL ASSOC,CA,36,18,1,0,18,1,1,TRUE,FALSE,20091,20000,10000,23
WAKEFIELD,RI,CITIZENS BANK NATL ASSOC,RI,84,1,1,0,1,1,2,TRUE,FALSE,20092,10000,5000,54
OMAHA,NE,WELLS FARGO BANK NATL ASSOC,SD,0,8,1,2,8,1,1,TRUE,FALSE,20093,10000,5000,23
CANADENSIS,PA,BNB HANA BANK NATL ASSOC,NJ,84,14,2,14,14,1,1,TRUE,FALSE,20094,10000,5000,72
PITTSBURGH,PA,CITIZENS BANK OF PENNSYLVANIA,PA,84,1,1,1,1,1,1,TRUE,FALSE,20095,20000,10000,51
ALLIANCE,OH,CITIZENS BANK NATL ASSOC,RI,84,4,1,0,4,0,1,TRUE,FALSE,20096,10000,5000,56
ATWATER,CA,"CITIBANK, N.A.",CA,60,2,1,1,3,1,1,TRUE,FALSE,20096,15000,7500,56
CANTON,OH,JPMORGAN CHASE BANK NATL ASSOC,IL,84,32,1,0,0,1,1,TRUE,FALSE,20097,20000,10000,56
HUGO,OK,FIRST UNITED BK & TR CO,OK,60,4,1,0,0,1,0,FALSE,TRUE,20098,20098,16078,62
MERTZON,TX,JPMORGAN CHASE BANK NATL ASSOC,IL,120,1,2,0,0,1,0,FALSE,TRUE,20098,20098,18088,56
LAS VEGAS,NV,BANK OF AMERICA NATL ASSOC,NC,26,1,1,0,1,0,1,TRUE,FALSE,20099,10000,5000,81
St Clr Shores,MI,"PNC BANK, NATIONAL ASSOCIATION",DE,32,2,1,2,2,0,1,TRUE,FALSE,20099,10000,5000,33
SOUTH DARTMOUTH,MA,CITIZENS BANK NATL ASSOC,RI,84,1,1,0,1,1,1,TRUE,FALSE,20099,20000,10000,61
AMERICAN FORK,UT,WELLS FARGO BANK NATL ASSOC,CA,60,2,1,0,2,1,1,TRUE,FALSE,20099,50000,25000,32
CAPE CORAL,FL,BANK OF AMERICA NATL ASSOC,NC,84,3,2,0,0,1,1,TRUE,FALSE,20100,10000,5000,44
Dayton,VA,SUNTRUST BANK,GA,48,1,2,2,3,1,2,FALSE,FALSE,20100,30000,15000,23
LAKE WORTH,FL,BANK OF AMERICA NATL ASSOC,NC,84,1,1,0,1,0,1,TRUE,FALSE,20100,15000,7500,45
MAUMEE,OH,CITIZENS BANK NATL ASSOC,RI,84,3,2,0,3,0,1,TRUE,FALSE,20100,20000,10000,44
IVINS,UT,U.S. BANK NATIONAL ASSOCIATION,OH,72,2,1,0,2,0,2,FALSE,FALSE,20100,20100,10050,23
ENCINO,CA,U.S. BANK NATIONAL ASSOCIATION,OH,84,3,2,0,3,0,1,TRUE,FALSE,20100,20000,10000,54
Livonia,MI,BANK OF AMERICA NATL ASSOC,NC,84,10,2,0,10,0,1,TRUE,FALSE,20100,20000,10000,48
Bowling Green,OH,KEYBANK NATIONAL ASSOCIATION,OH,72,2,1,0,0,0,1,TRUE,FALSE,20100,10000,5000,45
STONE MOUNTAIN,GA,BANK OF AMERICA NATL ASSOC,NC,84,1,1,0,1,0,1,TRUE,FALSE,20100,20100,10050,61
TOOELE,UT,HERITAGEWEST FCU,UT,84,1,2,0,1,0,1,FALSE,FALSE,20100,20100,10050,23
MEDINA,OH,U.S. BANK NATIONAL ASSOCIATION,OH,36,7,2,0,7,0,1,FALSE,FALSE,20100,20100,10050,23
PORT WASHINGTON,NY,JPMORGAN CHASE BANK NATL ASSOC,IL,84,5,2,1,5,0,1,TRUE,FALSE,20100,20000,10000,23
LEXINGTON,KY,U.S. BANK NATIONAL ASSOCIATION,OH,48,6,1,0,6,0,1,FALSE,FALSE,20100,20100,10050,45
MENTOR,OH,U.S. BANK NATIONAL ASSOCIATION,OH,60,7,1,0,7,0,1,FALSE,FALSE,20100,20100,10050,42
BURIEN,WA,JPMORGAN CHASE BANK NATL ASSOC,IL,84,1,1,1,1,1,2,TRUE,FALSE,20100,10000,5000,52
GLENDALE,CA,BANK OF AMERICA NATL ASSOC,NC,84,1,2,0,1,0,1,TRUE,FALSE,20100,20000,10000,71
TEMECULA,CA,MUFG UNION BANK NATL ASSOC,CA,84,1,2,0,1,1,1,TRUE,FALSE,20100,10000,5000,53
BOISE,ID,U.S. BANK NATIONAL ASSOCIATION,OH,60,2,2,1,3,0,1,FALSE,FALSE,20100,20100,17085,54
GRAND RAPIDS,MI,"PNC BANK, NATIONAL ASSOCIATION",DE,60,10,2,2,12,0,2,FALSE,FALSE,20100,20100,10050,48
LINGLE,WY,POINTS WEST COMMUNITY BANK,WY,84,1,1,0,0,1,0,FALSE,TRUE,20100,20100,16080,54
SAN MARCOS,CA,U.S. BANK NATIONAL ASSOCIATION,OH,84,3,2,0,3,0,1,TRUE,FALSE,20100,20000,10000,53
SOMERSET,KY,FORCHT BANK NATL ASSOC,KY,84,4,2,0,0,1,0,FALSE,TRUE,20100,20100,16080,81
SOMERVILLE,MA,BANK OF AMERICA NATL ASSOC,NC,84,2,1,0,2,0,1,TRUE,FALSE,20100,10000,5000,53
LUFKIN,TX,"COMMERCIAL BANK OF TEXAS, N.A.",TX,48,2,2,0,0,1,1,FALSE,TRUE,20100,20100,16080,81
LAWRENCE,KS,DOUGLAS COUNTY BANK,KS,4,5,1,0,5,0,1,FALSE,FALSE,20100,20100,10050,81
OVERLAND PARK,KS,ENTERPRISE BANK & TRUST,KS,48,4,2,2,2,1,1,FALSE,FALSE,20100,35000,28000,0
GILBERT,AZ,U.S. BANK NATIONAL ASSOCIATION,OH,60,2,2,0,2,0,1,FALSE,FALSE,20100,20100,10050,62
PROVIDENCE,RI,CITIZENS BANK NATL ASSOC,RI,83,1,1,0,1,1,1,TRUE,FALSE,20100,20000,10000,33
YORK,PA,SANTANDER BANK NATL ASSOC,DE,60,1,1,1,3,0,1,TRUE,FALSE,20100,10000,5000,62
LAWRENCE,KS,DOUGLAS COUNTY BANK,KS,36,11,1,0,0,0,2,FALSE,FALSE,20100,20100,10050,54
CHICAGO,IL,JPMORGAN CHASE BANK NATL ASSOC,IL,84,2,2,2,3,0,1,FALSE,FALSE,20100,20100,10050,44
CRESTHILL,IL,JPMORGAN CHASE BANK NATL ASSOC,IL,84,1,1,1,1,0,1,FALSE,FALSE,20100,20100,10050,51
BROOKLYN,NY,JPMORGAN CHASE BANK NATL ASSOC,IL,60,25,1,2,25,0,1,FALSE,FALSE,20100,20100,10050,48
BRONX,NY,JPMORGAN CHASE BANK NATL ASSOC,IL,84,1,2,1,1,0,1,FALSE,FALSE,20100,20100,10050,48
SAN DIEGO,CA,JPMORGAN CHASE BANK NATL ASSOC,IL,84,6,1,0,6,0,1,FALSE,FALSE,20100,20400,10200,72
Superior Township,MI,JPMORGAN CHASE BANK NATL ASSOC,IL,84,1,1,0,1,0,1,FALSE,FALSE,20100,20100,10050,48
Neosho,MO,SOUTHWEST MISSOURI BANK,MO,24,2,2,2,2,0,2,FALSE,FALSE,20100,20100,10050,56
NEW ALBANY,OH,U.S. BANK NATIONAL ASSOCIATION,OH,36,1,1,0,1,0,1,FALSE,FALSE,20100,20100,10050,44
LAFAYETTE,IN,JPMORGAN CHASE BANK NATL ASSOC,IL,84,1,2,1,0,0,1,FALSE,FALSE,20100,20100,10050,42
MCCOMB,MS,TRUSTMARK NATIONAL BANK,MS,73,1,1,0,1,1,1,TRUE,FALSE,20100,20100,10050,52
BRANDON,MS,TRUSTMARK NATIONAL BANK,MS,36,7,1,5,2,1,2,TRUE,FALSE,20100,20100,10050,56
NEW BOSTON,MA,BANCORPSOUTH BANK,TX,60,2,1,0,0,1,0,FALSE,FALSE,20100,20100,18090,0
LEES SUMMIT,MO,U.S. BANK NATIONAL ASSOCIATION,OH,60,1,2,0,1,0,1,FALSE,FALSE,20100,20100,10050,42
MESA,AZ,JPMORGAN CHASE BANK NATL ASSOC,IL,84,1,1,0,1,0,1,FALSE,FALSE,20100,20100,10050,54
ST ALBANS,VT,CHITTENDEN TR COMPANY A DIVISI,VT,60,4,1,0,0,1,0,FALSE,FALSE,20100,28000,22400,0
HUDSON,NH,CITIZENS BANK NATL ASSOC,NH,84,1,1,0,1,1,1,TRUE,FALSE,20100,20000,10000,81
CRANSTON,RI,CITIZENS BANK NATL ASSOC,RI,84,3,1,0,3,1,1,TRUE,FALSE,20100,20000,10000,44
Haynesville,LA,FIRST FINANCIAL BANK,AR,12,2,1,0,2,0,2,FALSE,FALSE,20100,20100,17085,11
TOWNSEND,MT,VALLEY BK OF HELENA A DIVISION,MT,9,2,1,0,2,0,2,FALSE,FALSE,20100,20100,17085,11
MANCHESTER,NH,CITIZENS BANK NATL ASSOC,NH,84,7,1,0,7,1,1,TRUE,FALSE,20100,20000,10000,23
WOLFEBORO,NH,CITIZENS BANK NATL ASSOC,RI,84,1,1,0,1,1,1,TRUE,FALSE,20100,20000,10000,52
RAPID CITY,SD,U.S. BANK NATIONAL ASSOCIATION,OH,60,1,2,0,0,0,1,FALSE,FALSE,20100,20100,10050,54
EAST DENNIS,MA,CITIZENS BANK NATL ASSOC,MA,84,3,1,0,3,1,1,TRUE,FALSE,20100,20000,10000,54
ROCHESTER,NH,CITIZENS BANK NATL ASSOC,RI,84,2,1,0,2,1,1,TRUE,FALSE,20100,20000,10000,33
Waltham,MA,EASTERN BANK,MA,60,2,1,0,2,0,1,TRUE,FALSE,20100,20100,10050,62
Grand Rapids,MI,THE HUNTINGTON NATIONAL BANK,OH,24,2,1,1,2,0,1,FALSE,FALSE,20100,20100,10050,48
PITTSBURGH,PA,CITIZENS BANK NATL ASSOC,RI,84,1,1,0,1,1,1,TRUE,FALSE,20100,20000,10000,61
Farmington Hills,MI,JPMORGAN CHASE BANK NATL ASSOC,IL,60,30,1,6,0,0,1,FALSE,FALSE,20100,20100,10050,54
ROLLINSFORD (SALMON FALLS),NH,CITIZENS BANK NATL ASSOC,NH,84,1,1,2,2,1,1,TRUE,FALSE,20100,15000,7500,23
WOONSOCKET,RI,CITIZENS BANK NATL ASSOC,RI,84,3,1,0,3,1,2,TRUE,FALSE,20100,20000,10000,62
MOUNT PLEASANT,PA,CITIZENS BANK NATL ASSOC,RI,84,1,1,0,1,1,1,TRUE,FALSE,20100,20000,10000,81
SHREWSBURY,MA,CITIZENS BANK NATL ASSOC,RI,84,1,1,0,1,1,1,TRUE,FALSE,20100,20000,10000,23
SWAMPSCOTT,MA,CITIZENS BANK NATL ASSOC,MA,84,1,1,0,1,1,1,TRUE,FALSE,20100,20000,10000,54
ARLINGTON,MA,CITIZENS BANK NATL ASSOC,MA,84,1,1,0,1,1,1,TRUE,FALSE,20100,20000,10000,44
PORTSMOUTH,NH,CITIZENS BANK NATL ASSOC,NH,84,15,1,0,15,1,1,TRUE,FALSE,20100,10000,5000,56
CLOVIS,NM,U.S. BANK NATIONAL ASSOCIATION,NM,60,2,1,0,0,1,2,FALSE,TRUE,20100,20100,17085,33
HADDAM,CT,CITIZENS BANK NATL ASSOC,CT,84,1,1,0,1,1,2,TRUE,FALSE,20100,20000,10000,53
BROOKLINE,MA,CITIZENS BANK NATL ASSOC,RI,84,2,1,2,4,1,1,TRUE,FALSE,20100,20000,10000,44
HUNTINGTON BEACH,CA,U.S. BANK NATIONAL ASSOCIATION,OH,12,3,1,1,0,0,1,FALSE,FALSE,20100,20100,10050,72
OAKDALE,PA,CITIZENS BANK NATL ASSOC,RI,84,3,1,1,4,1,1,TRUE,FALSE,20100,20000,10000,81
LANCASTER,PA,CITIZENS BANK OF PENNSYLVANIA,PA,84,2,1,0,2,1,1,TRUE,FALSE,20100,20000,10000,45
WILMINGTON,DE,CENTRAL MINNESOTA CU,MN,84,1,1,0,1,1,1,TRUE,FALSE,20100,20000,10000,62
QUINCY,MA,CITIZENS BANK NATL ASSOC,RI,31,60,1,30,90,1,1,TRUE,FALSE,20100,20000,10000,56
ERIE,PA,CITIZENS BANK OF PENNSYLVANIA,PA,84,8,1,0,8,1,1,TRUE,FALSE,20100,20000,10000,81
HOBBS,NM,BANK OF AMERICA NATL ASSOC,NC,84,25,1,0,25,1,2,FALSE,FALSE,20100,20100,10050,72
LANSDALE,PA,CITIZENS BANK NATL ASSOC,RI,52,1,1,0,1,1,1,TRUE,FALSE,20100,20000,10000,53
NASHUA,NH,CITIZENS BANK NATL ASSOC,RI,84,1,1,0,1,1,1,TRUE,FALSE,20100,20000,10000,51
ESCONDIDO,CA,BANK OF AMERICA NATL ASSOC,NC,13,1,1,0,1,1,1,FALSE,FALSE,20100,17300,8650,33
REVERE,MA,CITIZENS BANK NATL ASSOC,RI,84,1,1,0,1,1,1,TRUE,FALSE,20100,10000,5000,53
LOWER BURRELL,PA,CITIZENS BANK OF PENNSYLVANIA,PA,84,1,1,0,1,1,1,TRUE,FALSE,20100,20000,10000,45
NEWTON,MA,CITIZENS BANK NATL ASSOC,MA,84,1,1,1,2,1,1,TRUE,FALSE,20100,20000,10000,23
BOSTON,MA,CITIZENS BANK NATL ASSOC,MA,84,3,1,2,3,1,1,TRUE,FALSE,20100,20000,10000,71
STUART,VA,SURREY BANK & TRUST,NC,37,1,1,0,1,1,2,FALSE,FALSE,20100,20100,10050,54
BELMONT,NH,CITIZENS BANK NATL ASSOC,RI,84,2,1,0,2,1,1,TRUE,FALSE,20100,20000,10000,56
SOUTH YARMOUTH,MA,CITIZENS BANK NATL ASSOC,RI,84,3,1,0,3,1,1,TRUE,FALSE,20100,20000,10000,44
NIANTIC (EAST LYME (STA.)),CT,CITIZENS BANK NATL ASSOC,RI,30,6,1,1,6,1,2,TRUE,FALSE,20100,20000,10000,32
WEST CHESTER,PA,CITIZENS BANK NATL ASSOC,RI,84,2,1,0,2,1,1,TRUE,FALSE,20100,20000,10000,54
BEDMINSTER,PA,CITIZENS BANK OF PENNSYLVANIA,PA,84,4,1,0,1,1,1,TRUE,FALSE,20100,20000,10000,53
NORWOOD (TOWN OF),MA,CITIZENS BANK NATL ASSOC,MA,84,2,1,0,2,1,1,TRUE,FALSE,20100,20000,10000,61
WARWICK (RR NAME APPONAUG),RI,CITIZENS BANK NATL ASSOC,RI,84,1,1,0,1,1,2,TRUE,FALSE,20100,20000,10000,45
MERIDIAN,ID,MOUNTAIN W. BANK A DIVISION OF,ID,84,1,2,0,1,1,1,TRUE,FALSE,20100,20000,10000,53
IRVINE,CA,WELLS FARGO BANK NATL ASSOC,CA,84,2,1,0,0,1,0,FALSE,TRUE,20100,20100,18090,0
BETTENDORF,IA,U.S. BANK NATIONAL ASSOCIATION,OH,84,6,1,0,6,1,1,TRUE,FALSE,20100,20000,10000,45
CHICAGO,IL,CITIZENS BANK NATL ASSOC,RI,84,2,1,0,2,0,1,TRUE,FALSE,20101,10000,5000,81
CORONA,CA,BANCO POPULAR NORTH AMERICA,NY,25,4,1,0,4,1,1,TRUE,FALSE,20101,10000,5000,56
LAKEWOOD,CA,JPMORGAN CHASE BANK NATL ASSOC,IL,84,2,1,0,2,1,1,TRUE,FALSE,20101,20000,10000,48
RINGOES,NJ,"COMMERCE BANK, A DIVISION OF",PA,72,4,1,0,4,1,1,TRUE,FALSE,20101,50000,25000,81
SAN FRANCISCO,CA,BANK OF AMERICA NATL ASSOC,NC,84,2,1,0,2,1,1,TRUE,FALSE,20101,20000,10000,54
South Portland,ME,KEYBANK NATIONAL ASSOCIATION,OH,72,1,2,3,1,0,1,TRUE,FALSE,20102,10000,5000,51
GLEN CARBON,IL,U.S. BANK NATIONAL ASSOCIATION,OH,84,1,2,2,3,1,1,TRUE,FALSE,20102,20000,10000,44
MINNEAPOLIS,MN,U.S. BANK NATIONAL ASSOCIATION,OH,84,1,2,0,1,0,1,TRUE,FALSE,20103,10000,5000,71
BRONX,NY,JPMORGAN CHASE BANK NATL ASSOC,IL,84,1,2,0,1,0,1,TRUE,FALSE,20103,10000,5000,44
COLUMBUS,OH,"PNC BANK, NATIONAL ASSOCIATION",OH,60,1,1,0,1,1,1,TRUE,FALSE,20104,10000,5000,52
SANTA MONICA,CA,BANK OF AMERICA NATL ASSOC,NC,5,1,1,0,1,1,1,FALSE,FALSE,20104,20000,10000,54
DALHART,TX,WELLS FARGO BANK NATL ASSOC,SD,82,2,1,0,2,1,2,TRUE,FALSE,20104,20000,10000,44
WEST CHESTER,PA,CITIZENS BANK NATL ASSOC,RI,84,1,2,0,1,0,1,FALSE,FALSE,20105,23000,11500,54
WEST JORDAN,UT,ZIONS FIRST NATIONAL BANK,UT,12,4,1,4,4,1,1,TRUE,FALSE,20105,12000,6000,56
DALLAS,TX,BANK OF AMERICA NATL ASSOC,NC,84,1,1,0,1,0,1,TRUE,FALSE,20106,17000,8500,51
CINCINNATI,OH,U.S. BANK NATIONAL ASSOCIATION,OH,48,2,1,0,2,0,1,TRUE,FALSE,20106,20000,10000,61
GREENSBURG,IN,"PNC BANK, NATIONAL ASSOCIATION",IN,60,2,2,0,2,1,2,TRUE,FALSE,20106,20000,10000,45
FORT COLLINS,CO,WELLS FARGO BANK NATL ASSOC,SD,70,1,1,0,1,1,1,TRUE,FALSE,20106,15000,7500,54
CLEVELAND,OH,U.S. BANK NATIONAL ASSOCIATION,OH,84,4,1,0,4,1,1,TRUE,FALSE,20106,20000,10000,31
LAKEVILLE,MN,U.S. BANK NATIONAL ASSOCIATION,OH,52,1,1,0,1,1,1,TRUE,FALSE,20106,10000,5000,23
NEW YORK,NY,BANK OF AMERICA NATL ASSOC,NC,44,1,2,0,1,0,1,TRUE,FALSE,20107,10000,5000,54
VERO BEACH,FL,BANK OF AMERICA NATL ASSOC,NC,84,3,1,0,3,1,1,TRUE,FALSE,20107,10000,5000,62
FALL RIVER,MA,CITIZENS BANK NATL ASSOC,RI,4,3,1,0,3,1,1,TRUE,FALSE,20107,10000,5000,81
GLADSTONE (LINDEN),MO,BMO HARRIS BK NATL ASSOC,IL,84,2,2,10,10,1,1,TRUE,FALSE,20108,20000,10000,72
CARROLLTON,TX,COMPASS BANK,AL,84,5,1,0,5,1,1,TRUE,FALSE,20108,20000,10000,44
MASHPEE,MA,CITIZENS BANK NATL ASSOC,RI,84,2,2,0,2,0,1,TRUE,FALSE,20109,13000,6500,33
SIMI VALLEY (SIMI),CA,BANK OF AMERICA NATL ASSOC,NC,84,2,1,0,2,1,1,TRUE,FALSE,20109,20000,10000,54
VENTURA (CORPORATE NAME SAN BU,CA,BANK OF AMERICA NATL ASSOC,NC,84,1,1,0,1,1,1,TRUE,FALSE,20109,20000,10000,44
AMES,IA,WELLS FARGO BANK NATL ASSOC,SD,60,8,1,0,0,1,0,FALSE,TRUE,20110,20110,18099,54
MONROE,UT,ZIONS FIRST NATIONAL BANK,UT,60,1,1,0,1,0,1,TRUE,FALSE,20111,10000,5000,72
HUNTINGTON BEACH,CA,BANK OF AMERICA NATL ASSOC,NC,23,7,1,2,7,1,1,TRUE,FALSE,20111,50000,25000,72
TOMS RIVER,NJ,BANK OF AMERICA NATL ASSOC,NC,61,1,2,0,1,0,1,FALSE,FALSE,20112,15000,7500,23
SHADY COVE,OR,WELLS FARGO BANK NATL ASSOC,SD,66,5,1,0,5,1,2,TRUE,FALSE,20113,15000,7500,44
MORENO VALLEY,CA,MUFG UNION BANK NATL ASSOC,CA,60,1,2,0,0,16033,1,TRUE,FALSE,20113,10000,5000,56
GRANTON,WI,FORWARD FINANCIAL BANK,WI,24,4,1,1,5,0,2,FALSE,FALSE,20114,20114,10057,48
North East,PA,FIRST NIAGARA BANK NATL ASSOC,NY,60,1,1,1,1,0,1,TRUE,FALSE,20115,10500,5250,23
LOUISVILLE,KY,JPMORGAN CHASE BANK NATL ASSOC,IL,84,3,2,3,6,0,1,TRUE,FALSE,20115,10000,5000,44
PHILADELPHIA,PA,CITIZENS BANK NATL ASSOC,RI,84,1,1,0,1,0,1,FALSE,FALSE,20116,26000,13000,32
LOS ANGELES,CA,BANK OF AMERICA NATL ASSOC,NC,84,12,2,0,0,1,1,TRUE,FALSE,20117,10000,5000,72
MORRISTOWN,IL,U.S. BANK NATIONAL ASSOCIATION,OH,6,6,1,0,6,1,1,TRUE,FALSE,20117,10000,5000,48
LITTLE FALLS,MN,U.S. BANK NATIONAL ASSOCIATION,OH,69,34,1,0,34,0,2,TRUE,FALSE,20118,20000,10000,81
BRISTOL (TOWN OF),RI,CITIZENS BANK NATL ASSOC,RI,84,30,1,0,30,1,1,TRUE,FALSE,20118,5000,2500,72
PURCELL,OK,INTERNATIONAL BANK OF COMMERCE,OK,84,1,1,0,1,1,1,TRUE,FALSE,20118,15000,7500,56
NASHVILLE,TN,BANK OF AMERICA NATL ASSOC,TN,74,2,2,0,0,1,0,FALSE,TRUE,20118,27400,21920,0
SYLVANIA,OH,BANK OF MAUMEE,OH,35,2,2,0,2,0,1,TRUE,FALSE,20120,11500,5750,81
TERRE HAUTE,IN,WELLS FARGO BANK NATL ASSOC,SD,6,5,1,0,5,1,1,TRUE,FALSE,20120,20000,10000,72
SODA SPRINGS,CA,U.S. BANK NATIONAL ASSOCIATION,OH,84,2,1,0,2,1,2,TRUE,FALSE,20120,20000,10000,56
PHILADELPHIA,PA,CITIZENS BANK NATL ASSOC,RI,84,3,1,0,3,0,1,TRUE,FALSE,20121,5000,2500,31
YAKIMA,WA,BANK OF AMERICA NATL ASSOC,NC,27,3,1,0,3,0,1,TRUE,FALSE,20123,10000,5000,56
MILPITAS,CA,WELLS FARGO BANK NATL ASSOC,SD,84,2,2,0,2,0,1,TRUE,FALSE,20123,20000,10000,72
ROCKY MOUNT,MO,"UMB BANK, NATIONAL ASSOCIATION",MO,84,5,1,0,0,1,0,FALSE,TRUE,20123,35000,31500,33
SANDY,UT,MOUNTAIN AMERICA FCU,UT,84,1,2,0,1,1,1,TRUE,FALSE,20123,20000,10000,53
MISSION VIEJO,CA,BANK OF AMERICA NATL ASSOC,NC,84,1,2,0,1,0,1,TRUE,FALSE,20125,10000,5000,54
AUSTIN,TX,WELLS FARGO BANK NATL ASSOC,SD,11,4,1,6,10,1,1,TRUE,FALSE,20126,20000,10000,23
FOREST GROVE,OR,WELLS FARGO BANK NATL ASSOC,SD,10,1,1,0,1,1,2,TRUE,FALSE,20126,20000,10000,48
MILWAUKIE,OR,WELLS FARGO BANK NATL ASSOC,SD,49,1,1,5,6,1,1,TRUE,FALSE,20128,10000,5000,31
JERICHO,NY,WELLS FARGO BANK NATL ASSOC,SD,70,2,1,6,8,1,1,TRUE,FALSE,20129,20000,10000,31
HALLANDALE,FL,BANK OF AMERICA NATL ASSOC,NC,52,1,2,0,1,0,1,TRUE,FALSE,20130,10000,5000,48
NORTH LAS VEGAS,NV,U.S. BANK NATIONAL ASSOCIATION,OH,84,2,1,2,4,0,1,TRUE,FALSE,20130,10000,5000,45
